Item_Identifier,Outlet_Identifier,Item_Outlet_Sales
FDW58,OUT049,1701.25
FDW14,OUT017,1373.73
NCN55,OUT010,588.16
FDQ58,OUT017,2471.63
FDY38,OUT027,6496.69
FDH56,OUT046,1978.25
FDL48,OUT018,674.96
FDC48,OUT027,2254.05
FDN33,OUT045,1561.02
FDA36,OUT017,3196.96
FDT44,OUT017,2024.45
FDQ56,OUT045,1401.75
NCC54,OUT019,559.78
FDU11,OUT049,2073.04
DRL59,OUT013,786.59
FDM24,OUT049,2443.59
FDI57,OUT045,3041.47
DRC12,OUT018,2796.83
NCM42,OUT027,2797.76
FDA46,OUT010,493.12
FDA31,OUT013,2867.22
NCJ31,OUT035,3881.69
FDG52,OUT046,744.1
NCL19,OUT019,313.59
FDS10,OUT035,2942.81
FDX22,OUT010,577.84
NCF19,OUT035,744.75
NCE06,OUT046,2597.22
DRC27,OUT046,3974.37
FDE21,OUT035,2000.31
NCR42,OUT019,98.07
FDX51,OUT018,2778.39
NCR06,OUT018,515.34
FDU31,OUT027,5592.72
FDU59,OUT017,2625.76
FDR03,OUT027,5700.74
FDS49,OUT027,2263.38
FDD48,OUT010,264.51
NCF18,OUT017,3111.5
NCD43,OUT027,2592.86
NCD54,OUT018,1833.42
FDY19,OUT010,266.63
NCY54,OUT017,2889.07
NCL19,OUT018,2144.0
FDP23,OUT010,570.53
FDC26,OUT013,1766.54
FDR14,OUT010,163.37
NCS41,OUT035,3253.12
FDF41,OUT035,3939.44
FDU34,OUT046,2132.9
DRH11,OUT046,869.24
FDM03,OUT013,1700.8
FDS31,OUT017,3029.22
FDJ20,OUT017,2111.49
FDV44,OUT027,4967.57
FDG02,OUT049,3219.09
FDA09,OUT013,2989.97
FDT04,OUT013,656.0
FDL58,OUT019,550.31
FDE52,OUT045,1383.89
FDW12,OUT035,2526.41
FDL51,OUT017,3541.29
NCY42,OUT027,3484.43
FDR07,OUT017,1582.8
FDN40,OUT045,2443.86
FDB35,OUT027,2506.7
FDA22,OUT017,2654.1
NCL06,OUT046,4255.26
FDI35,OUT013,3053.94
NCW42,OUT045,3595.1
NCX06,OUT049,3026.45
FDC37,OUT027,2627.06
FDZ14,OUT018,1772.82
DRG49,OUT049,4174.55
NCG06,OUT045,4146.87
DRC36,OUT045,2905.59
FDV21,OUT019,289.28
FDB53,OUT046,2503.67
DRP47,OUT019,561.99
FDA14,OUT013,2539.34
DRC24,OUT035,2527.75
FDW21,OUT018,1375.94
NCH29,OUT046,1629.02
FDU58,OUT013,3191.31
FDY27,OUT017,2918.67
FDV56,OUT035,1720.25
FDT59,OUT046,3907.9
FDB23,OUT046,3795.45
FDR49,OUT045,748.08
FDB03,OUT010,575.31
FDN39,OUT045,2643.57
FDX02,OUT027,5963.1
FDQ16,OUT027,2610.18
FDU35,OUT018,1369.3
NCT29,OUT013,2097.81
FDZ27,OUT046,751.55
FDN57,OUT017,2127.3
FDA03,OUT018,2127.04
FDZ36,OUT045,3157.99
NCU05,OUT013,1332.89
FDT39,OUT018,2237.12
FDK60,OUT017,1589.59
FDZ25,OUT017,2891.14
FDG12,OUT046,2099.96
DRB01,OUT019,494.7
NCC43,OUT027,6169.03
FDX13,OUT019,555.09
FDM22,OUT049,827.42
FDJ03,OUT027,1322.52
FDU14,OUT018,3323.77
FDB33,OUT010,399.74
FDP27,OUT046,3179.85
FDO38,OUT010,227.85
FDE28,OUT027,6279.84
FDO27,OUT035,1557.86
DRL23,OUT027,2607.58
FDS28,OUT046,869.24
FDX24,OUT013,1434.85
FDZ02,OUT035,1571.66
FDL46,OUT045,1973.5
FDS60,OUT027,4792.18
NCO06,OUT017,621.65
FDO16,OUT035,1404.46
FDC60,OUT049,1411.34
FDA48,OUT018,3288.55
FDZ36,OUT027,5126.9
FDK27,OUT045,2077.76
FDW23,OUT018,519.7
FDM14,OUT018,1413.2
FDM14,OUT013,1710.35
FDW60,OUT018,2706.62
FDE21,OUT013,2010.34
NCM42,OUT035,1739.56
FDY59,OUT010,230.66
DRI49,OUT049,1317.9
FDT28,OUT019,349.68
FDQ22,OUT018,513.89
FDR60,OUT049,1267.86
FDC50,OUT019,237.44
FDV24,OUT013,2437.67
DRF48,OUT010,493.31
FDQ47,OUT046,644.88
DRN36,OUT049,1597.18
NCY06,OUT035,2113.26
FDE52,OUT035,1383.43
NCB54,OUT045,2064.0
NCF31,OUT035,2510.17
FDJ08,OUT027,5483.3
NCC07,OUT017,1696.05
NCD19,OUT027,1756.97
FDL46,OUT049,2027.73
FDM20,OUT045,4111.73
NCI06,OUT010,459.03
DRM11,OUT035,4158.05
NCH07,OUT018,2237.32
FDS23,OUT013,2135.75
FDO49,OUT018,680.77
FDS35,OUT049,1051.98
DRK39,OUT045,1338.78
DRI39,OUT049,864.53
FDV04,OUT017,2538.07
NCN14,OUT035,3259.63
FDH08,OUT013,4069.19
FDS20,OUT046,3309.86
FDV40,OUT049,1106.54
FDZ48,OUT010,252.25
FDS24,OUT027,2374.5
FDK44,OUT049,2856.78
FDS48,OUT045,2510.84
FDK26,OUT010,505.65
FDD23,OUT045,3135.23
NCH54,OUT017,2700.77
NCP14,OUT010,239.09
FDM60,OUT010,103.69
FDV24,OUT017,2443.71
FDH08,OUT018,3111.26
FDS12,OUT027,3315.24
FDR39,OUT027,5003.6
FDP12,OUT027,976.78
DRF60,OUT027,6315.56
FDC09,OUT035,1672.97
FDF50,OUT018,3260.55
FDG28,OUT035,4132.68
NCE19,OUT017,870.41
NCM53,OUT010,253.05
NCN18,OUT049,1740.29
FDF32,OUT035,3150.39
FDF11,OUT013,4196.7
DRI59,OUT049,3842.5
NCG54,OUT035,2902.85
FDM44,OUT046,1659.83
FDT57,OUT018,3101.49
FDV24,OUT046,2436.17
FDI50,OUT019,561.06
FDS09,OUT035,776.28
NCC31,OUT027,3856.32
FDQ07,OUT019,571.98
FDC22,OUT017,3182.18
FDZ56,OUT046,2869.45
FDZ40,OUT019,159.46
FDS46,OUT027,3107.66
DRD24,OUT045,2088.08
FDV45,OUT017,3121.82
FDL26,OUT045,2530.4
FDA56,OUT018,1759.02
FDN27,OUT046,2002.85
FDM20,OUT049,4159.91
FDO16,OUT017,1361.28
FDL03,OUT035,3119.88
FDE58,OUT046,2005.12
FDI02,OUT027,3055.25
NCC55,OUT019,98.07
FDR03,OUT018,2980.48
FDB14,OUT017,1443.14
FDR45,OUT013,4180.68
NCN07,OUT017,2129.28
FDM51,OUT019,240.93
FDT52,OUT027,6321.56
FDL26,OUT046,2510.5
NCZ42,OUT046,4019.22
DRI47,OUT019,371.64
FDW40,OUT013,2139.88
FDN34,OUT046,2861.99
FDS01,OUT035,3011.31
NCG55,OUT045,1974.26
FDC11,OUT035,1363.29
FDX35,OUT018,3251.59
NCB06,OUT046,2634.38
FDR09,OUT019,569.84
FDC53,OUT017,1592.24
FDY45,OUT013,4217.43
FDA22,OUT010,401.73
FDE02,OUT035,1555.33
FDW21,OUT045,1674.39
FDV34,OUT046,1113.49
FDS59,OUT049,1717.89
NCW17,OUT017,2139.76
NCK54,OUT046,1987.94
FDG17,OUT019,560.24
FDG35,OUT017,2823.65
FDD08,OUT010,103.69
NCO07,OUT017,3645.29
FDJ10,OUT010,302.21
FDW36,OUT017,1667.2
FDW21,OUT010,235.48
FDY19,OUT017,2004.29
DRE03,OUT013,741.58
NCC55,OUT049,657.95
FDH52,OUT010,176.24
FDO09,OUT017,4052.41
FDU43,OUT045,4042.86
FDX09,OUT010,425.54
FDH40,OUT019,224.43
FDW58,OUT017,1666.74
FDC47,OUT017,3758.77
NCR41,OUT035,1541.26
DRG49,OUT035,4156.2
FDC52,OUT027,3821.55
FDY13,OUT046,1138.24
FDY35,OUT013,687.04
FDI35,OUT017,3334.0
NCU18,OUT049,2132.52
FDY33,OUT018,2246.15
FDC15,OUT027,4093.48
FDU01,OUT049,3124.52
NCU42,OUT046,2932.26
NCV29,OUT018,2706.45
NCY30,OUT017,3240.83
FDQ46,OUT049,1759.51
FDG58,OUT027,3834.47
FDK33,OUT017,3616.73
NCD07,OUT045,1951.47
NCX29,OUT027,3628.68
NCT42,OUT013,2451.67
DRN59,OUT035,743.08
FDI44,OUT035,1290.7
FDA45,OUT049,2766.24
FDP31,OUT045,1019.68
FDY01,OUT046,2017.64
FDT09,OUT018,1830.79
DRH03,OUT027,2548.06
FDA36,OUT018,2707.05
NCF31,OUT017,2513.35
FDG14,OUT049,2487.69
FDG28,OUT027,6252.09
FDU14,OUT049,4113.25
FDY47,OUT019,304.8
FDI56,OUT049,1395.51
DRD01,OUT013,859.75
FDM22,OUT046,868.09
FDH33,OUT013,683.89
DRZ24,OUT013,2001.26
NCQ38,OUT046,1679.81
FDO16,OUT027,2265.38
FDU07,OUT027,3676.9
NCB07,OUT013,3092.58
FDU48,OUT045,2097.93
NCM43,OUT045,2764.44
FDR31,OUT010,349.69
DRK49,OUT018,513.89
NCI30,OUT010,585.15
DRD60,OUT017,3030.13
NCG19,OUT046,3681.92
FDH12,OUT035,1673.35
FDM32,OUT035,1406.96
FDM27,OUT035,2544.63
NCU53,OUT027,4059.69
NCQ18,OUT046,1640.08
FDS10,OUT013,2919.39
FDB33,OUT027,4226.73
FDI12,OUT013,1377.01
NCW42,OUT013,3647.61
NCC06,OUT018,1815.9
FDW02,OUT017,2084.41
NCD43,OUT017,1672.33
FDM57,OUT018,1175.64
FDA58,OUT017,3842.34
FDK56,OUT046,3163.22
FDP52,OUT045,3939.37
FDW20,OUT018,1743.0
FDS52,OUT049,1644.06
NCT29,OUT018,1717.62
NCL54,OUT013,2937.59
FDC05,OUT045,3106.05
FDF34,OUT035,3194.22
FDP03,OUT027,3322.26
FDD32,OUT010,233.33
FDZ10,OUT045,2088.09
FDZ40,OUT035,868.09
FDD51,OUT018,518.08
NCY30,OUT019,430.72
FDP58,OUT017,3508.82
FDV49,OUT017,4403.73
FDY24,OUT019,140.72
NCO55,OUT017,1699.28
FDR13,OUT017,1976.51
FDS51,OUT017,966.74
FDP26,OUT045,1665.29
NCB54,OUT027,3447.77
FDF32,OUT017,3112.83
FDN31,OUT018,2709.94
DRM48,OUT017,636.86
FDN20,OUT049,2839.41
DRL01,OUT046,3680.29
FDV56,OUT049,1707.77
DRH13,OUT027,2599.59
FDA03,OUT017,2520.84
FDF47,OUT027,5675.34
FDX32,OUT046,2510.24
FDX57,OUT049,1570.57
NCA30,OUT045,3046.97
FDO49,OUT013,750.61
FDL04,OUT019,243.17
DRM48,OUT035,636.86
FDR16,OUT013,3535.1
NCC19,OUT018,2868.86
NCE42,OUT045,4004.73
FDY24,OUT017,870.41
FDH19,OUT049,2854.44
FDJ46,OUT013,2908.32
FDN45,OUT010,581.13
FDY08,OUT035,2148.86
FDZ37,OUT035,1370.99
NCT30,OUT045,749.1
DRY23,OUT018,517.81
NCZ30,OUT018,1776.79
FDC44,OUT018,1601.63
FDB45,OUT035,1668.03
FDY04,OUT013,2684.04
FDM27,OUT046,2610.28
FDZ43,OUT017,4091.6
FDT39,OUT019,387.9
NCC06,OUT019,305.38
FDL15,OUT027,4078.91
FDL57,OUT017,4184.64
FDU08,OUT046,1623.36
FDK40,OUT017,4354.96
FDQ12,OUT010,602.45
FDS48,OUT017,2521.82
FDP09,OUT045,3511.85
FDW21,OUT049,1671.96
FDY25,OUT035,3068.32
DRE13,OUT017,1402.54
FDV43,OUT019,98.07
FDD22,OUT045,1743.44
FDM46,OUT019,228.52
NCO30,OUT010,500.04
FDM25,OUT046,2890.36
NCN41,OUT049,2104.33
FDU24,OUT045,1485.09
FDZ50,OUT046,3224.83
FDP45,OUT013,4167.49
NCM54,OUT045,2087.82
FDW10,OUT019,408.59
FDP20,OUT017,2119.9
FDK32,OUT046,2513.71
FDN52,OUT049,1372.99
FDM58,OUT045,1739.9
FDZ46,OUT027,2933.64
NCA18,OUT018,1650.04
FDD35,OUT046,2108.88
NCK31,OUT035,749.68
FDI40,OUT027,2725.57
FDT50,OUT019,235.84
NCT06,OUT046,2714.17
FDT31,OUT035,3095.94
FDT45,OUT049,826.27
FDT13,OUT045,3161.46
FDO50,OUT045,1385.62
NCU18,OUT010,304.69
NCR54,OUT049,3171.6
NCO18,OUT018,2701.33
FDU09,OUT045,869.24
FDT13,OUT018,2699.28
FDE09,OUT046,1767.59
NCK53,OUT019,243.19
FDG45,OUT049,3530.13
DRH15,OUT035,708.01
FDO21,OUT019,601.22
FDD14,OUT027,5089.2
FDC09,OUT046,1675.48
FDH45,OUT027,980.6
FDV32,OUT046,1063.88
FDG12,OUT035,2035.51
FDS32,OUT013,2139.8
NCL55,OUT018,3387.37
DRE01,OUT035,3962.77
DRE15,OUT049,1267.38
NCL42,OUT045,4023.73
FDP31,OUT013,1003.3
FDN33,OUT018,1331.79
FDZ59,OUT046,2625.71
FDE45,OUT010,428.14
FDJ07,OUT013,2017.34
FDQ45,OUT018,2716.29
FDM33,OUT027,5853.04
FDO15,OUT010,211.77
FDM46,OUT013,1443.42
FDR03,OUT045,3490.35
FDY49,OUT018,2400.67
FDQ60,OUT045,1978.95
FDW10,OUT049,2762.66
FDO51,OUT049,704.49
FDJ40,OUT018,1352.05
FDS20,OUT018,2677.17
FDU45,OUT013,1792.76
FDV02,OUT035,2880.95
FDN09,OUT046,3998.32
NCM55,OUT027,5539.04
FDN23,OUT018,2129.66
FDY31,OUT010,352.56
FDW03,OUT010,235.48
FDD14,OUT046,3105.18
FDV23,OUT017,2100.32
DRI03,OUT045,2920.91
FDN13,OUT035,1624.69
FDF45,OUT027,1777.78
FDU46,OUT035,1370.31
FDB57,OUT049,3846.25
FDV12,OUT049,1643.75
FDQ58,OUT013,2457.17
NCA18,OUT017,1971.66
FDH52,OUT049,949.25
FDM24,OUT018,2150.42
NCP43,OUT027,4885.44
NCO18,OUT019,438.84
FDM32,OUT017,1377.72
NCL07,OUT017,643.67
FDK03,OUT013,4144.77
FDP59,OUT017,1662.93
FDQ24,OUT049,3974.76
FDQ16,OUT018,1362.11
FDU44,OUT013,2662.92
FDH28,OUT010,103.69
FDV28,OUT019,98.07
FDM22,OUT045,868.09
FDR56,OUT046,3140.26
FDV39,OUT049,3202.58
FDU37,OUT019,220.53
FDQ11,OUT010,581.62
FDX02,OUT045,3741.97
NCS42,OUT018,1300.59
FDY57,OUT027,2655.16
FDB21,OUT049,4045.8
FDE28,OUT017,3826.41
FDQ55,OUT017,1950.85
FDA48,OUT049,3658.26
FDZ19,OUT045,2852.69
NCC43,OUT045,3908.99
NCV18,OUT046,1363.83
NCA42,OUT018,2403.92
FDY45,OUT046,4105.21
NCC30,OUT045,2945.63
FDM57,OUT013,1377.01
FDL09,OUT010,389.39
FDB09,OUT027,3338.72
FDT44,OUT035,2036.37
NCT06,OUT027,4288.55
FDX26,OUT049,3209.13
FDK32,OUT013,2528.45
DRA12,OUT046,2123.06
FDO46,OUT010,521.25
FDE52,OUT013,1371.97
NCH42,OUT045,3886.83
FDV08,OUT035,692.68
FDB47,OUT018,3138.97
FDC28,OUT010,250.3
FDD22,OUT046,1930.92
FDS07,OUT027,3057.57
DRI13,OUT045,3490.38
FDG32,OUT018,3351.0
FDU14,OUT017,4101.22
FDD28,OUT019,161.19
NCP41,OUT017,1722.77
FDS08,OUT049,2856.72
FDX47,OUT045,2497.18
FDC53,OUT019,241.35
FDQ19,OUT035,4204.89
FDL14,OUT045,2472.09
FDM33,OUT019,569.21
FDA51,OUT045,1921.53
FDZ27,OUT018,676.46
FDT04,OUT046,666.14
DRC13,OUT049,2089.25
FDR16,OUT027,5412.96
FDQ03,OUT027,6494.18
FDE38,OUT035,2848.83
DRH23,OUT027,1783.0
FDT11,OUT019,508.92
FDD09,OUT035,3049.8
FDR40,OUT045,1328.99
FDX07,OUT017,3169.91
FDR07,OUT035,1582.8
FDA51,OUT017,1972.4
FDT59,OUT019,594.94
FDF20,OUT017,3166.5
FDR13,OUT045,1935.18
FDY26,OUT049,3606.24
FDW04,OUT017,2100.18
FDK52,OUT017,3800.47
FDN60,OUT049,2578.16
FDM09,OUT019,412.18
FDP46,OUT049,1366.79
FDB50,OUT019,218.13
NCQ29,OUT049,4046.1
FDP16,OUT027,6271.78
FDX33,OUT018,2319.99
FDP07,OUT010,512.06
FDN22,OUT046,3843.52
FDF39,OUT049,4416.57
FDS21,OUT017,917.21
NCM42,OUT013,1725.5
FDK50,OUT019,405.14
DRF13,OUT027,3845.64
FDH35,OUT018,2281.18
FDP60,OUT018,1339.48
DRJ49,OUT027,3427.17
NCT42,OUT019,373.93
FDE38,OUT049,2847.55
FDI04,OUT049,3185.19
NCH54,OUT045,2609.79
FDT56,OUT049,886.43
DRD15,OUT018,3191.89
FDV58,OUT013,3054.01
FDP21,OUT049,3220.06
FDH05,OUT013,3786.43
FDR10,OUT027,4263.5
NCP06,OUT045,2482.39
FDF33,OUT049,1704.36
DRK37,OUT013,3174.54
DRH49,OUT045,1318.02
FDT58,OUT013,2865.54
FDD41,OUT018,1371.97
FDP40,OUT018,1437.08
FDM51,OUT027,2594.61
FDO45,OUT010,239.83
FDW33,OUT010,238.29
FDY24,OUT045,869.24
FDB10,OUT010,575.65
FDM40,OUT035,2158.53
NCI06,OUT017,3051.89
FDW12,OUT019,335.38
FDX48,OUT027,4220.13
NCW05,OUT027,2706.93
FDX27,OUT017,1542.59
DRM37,OUT045,3096.16
FDA38,OUT045,4030.38
FDR36,OUT046,667.94
FDZ45,OUT046,3153.26
FDG05,OUT017,2620.76
FDK28,OUT013,4195.86
FDV47,OUT045,1361.13
FDN21,OUT045,2600.95
FDP20,OUT027,3382.67
FDI35,OUT045,3287.64
DRY23,OUT013,694.55
FDA56,OUT017,2107.15
FDB09,OUT013,2114.03
NCO26,OUT027,3013.25
FDQ49,OUT018,2319.53
FDI52,OUT027,3207.23
FDZ44,OUT027,3133.29
FDZ09,OUT018,2290.65
FDY03,OUT049,1940.91
NCG42,OUT017,2138.23
DRI13,OUT027,5849.93
FDQ32,OUT013,2127.58
FDW16,OUT035,1377.04
FDU27,OUT046,743.19
FDR28,OUT010,417.28
FDQ49,OUT010,365.74
FDS37,OUT046,1974.81
FDW26,OUT018,3275.13
FDX12,OUT018,3199.5
NCP06,OUT013,2477.76
FDW45,OUT010,339.51
NCN30,OUT049,1543.64
FDN24,OUT049,827.42
NCL41,OUT027,964.08
FDR02,OUT019,255.33
FDD09,OUT010,477.13
FDS33,OUT010,236.98
FDU22,OUT045,2050.93
FDI53,OUT013,2646.19
DRH01,OUT049,2882.8
FDX32,OUT013,2155.06
NCP30,OUT018,513.89
FDB60,OUT045,3134.98
FDB14,OUT049,1462.65
NCP02,OUT035,869.47
FDJ10,OUT017,2133.19
FDG34,OUT046,1740.1
NCB18,OUT017,1366.42
FDM16,OUT049,1126.39
FDW25,OUT018,1200.12
FDB35,OUT010,230.86
DRN11,OUT013,2167.13
FDF41,OUT019,562.05
FDH16,OUT045,1377.22
NCQ50,OUT018,3063.06
DRH23,OUT018,735.85
DRJ37,OUT013,2492.45
DRJ24,OUT027,5552.92
FDY16,OUT035,3179.27
FDQ27,OUT045,1699.22
FDZ33,OUT045,2500.83
FDF29,OUT045,2110.33
FDA08,OUT049,2710.76
FDG31,OUT046,1038.48
FDE34,OUT019,458.78
NCR30,OUT027,1900.3
FDV33,OUT035,4337.41
DRZ24,OUT018,1737.53
NCL54,OUT035,2922.62
FDR12,OUT049,2929.02
NCC54,OUT046,3803.08
DRN59,OUT013,743.08
FDX50,OUT019,256.06
FDV31,OUT027,5378.74
NCA29,OUT027,4962.76
FDW60,OUT049,2950.57
FDX08,OUT017,3348.96
DRD49,OUT013,3895.2
FDD33,OUT046,3687.94
FDW35,OUT013,689.25
FDJ36,OUT017,1670.05
FDV51,OUT035,2862.66
FDW36,OUT046,1698.42
FDH35,OUT046,2665.12
NCS30,OUT027,3348.72
FDN49,OUT017,654.97
FDL08,OUT018,3229.17
FDI09,OUT013,3841.1
FDP19,OUT018,1829.35
FDU21,OUT010,103.69
NCP41,OUT045,1704.69
FDY10,OUT013,1823.13
FDP12,OUT018,516.64
NCN26,OUT049,1985.29
FDK44,OUT013,2852.55
FDC28,OUT049,1718.34
FDJ41,OUT027,6332.2
NCT29,OUT035,2094.66
NCH42,OUT019,560.27
FDU60,OUT018,2312.87
FDS02,OUT045,3138.53
FDC51,OUT046,2106.28
FDU03,OUT013,3258.01
FDX39,OUT045,3589.67
NCY05,OUT010,103.69
NCL06,OUT027,6315.58
FDD32,OUT035,1286.53
NCN41,OUT045,2077.71
NCX53,OUT049,2148.06
FDU57,OUT019,355.4
FDQ23,OUT046,1681.25
FDQ52,OUT045,3928.91
FDC14,OUT045,660.44
FDY09,OUT035,2931.85
FDQ28,OUT045,2543.67
FDV25,OUT046,3596.76
FDJ07,OUT035,1986.66
DRB25,OUT049,1693.61
FDK52,OUT019,574.89
FDY52,OUT027,1827.82
FDB28,OUT046,3162.89
FDT36,OUT035,637.55
FDV25,OUT017,3787.37
NCN07,OUT027,3444.95
FDC57,OUT017,3091.16
FDQ03,OUT018,3328.16
FDU23,OUT017,2938.92
NCX41,OUT035,3602.49
NCD06,OUT035,744.1
FDW08,OUT045,1694.86
NCU29,OUT017,2503.31
NCE06,OUT013,2585.07
FDV52,OUT010,270.48
FDB02,OUT017,2934.14
NCR18,OUT045,688.9
FDK16,OUT049,1546.54
NCQ29,OUT010,587.32
FDZ01,OUT019,239.81
FDW27,OUT035,2485.19
FDD17,OUT018,3214.79
FDW39,OUT013,2901.15
DRH59,OUT045,1062.14
FDS52,OUT013,1664.11
FDU40,OUT027,4950.1
NCF54,OUT013,2880.0
FDH46,OUT045,1675.65
NCP14,OUT049,1671.63
FDH50,OUT049,3196.11
DRF15,OUT010,350.02
FDV27,OUT027,2354.86
NCJ06,OUT049,2098.12
FDN02,OUT018,3144.51
FDQ51,OUT049,744.72
FDQ07,OUT017,3744.73
FDS45,OUT049,1704.64
NCJ06,OUT045,2076.6
FDD36,OUT035,1999.1
FDY25,OUT045,3295.99
FDU52,OUT046,2450.88
DRK47,OUT017,3924.44
NCL30,OUT017,2117.4
FDN22,OUT035,3935.86
NCF30,OUT027,3280.09
FDK03,OUT035,4141.54
FDT45,OUT017,864.43
NCC54,OUT027,6344.93
FDP08,OUT018,2892.92
FDU44,OUT046,2699.98
DRG39,OUT035,826.95
FDU32,OUT049,2100.01
FDY27,OUT049,2976.56
NCP54,OUT013,2111.9
NCZ41,OUT049,2114.86
DRL49,OUT013,2190.95
FDI05,OUT018,1055.42
FDY56,OUT045,3922.14
DRC13,OUT013,2096.87
NCV29,OUT017,3038.07
FDR24,OUT049,1374.24
FDZ34,OUT018,2724.89
FDP37,OUT035,2149.95
FDX08,OUT027,5362.38
FDS57,OUT045,2109.56
NCG18,OUT049,1675.58
FDK25,OUT018,2356.86
FDH53,OUT049,1280.21
DRI59,OUT018,3081.64
FDA52,OUT046,2867.24
FDT20,OUT010,103.69
FDE36,OUT019,405.72
FDI24,OUT017,2903.37
FDB28,OUT018,3206.94
FDV11,OUT017,2917.36
FDP01,OUT046,2479.94
FDD34,OUT027,4009.56
FDJ50,OUT027,1449.22
FDZ44,OUT013,2002.65
DRO59,OUT035,1196.49
DRB48,OUT045,658.21
FDR21,OUT018,2646.34
NCE42,OUT010,606.02
FDO23,OUT046,1456.62
NCE30,OUT018,3287.49
FDQ22,OUT035,636.56
FDY01,OUT045,1994.4
FDS08,OUT017,2872.44
FDG28,OUT018,3217.63
FDQ51,OUT018,665.44
FDB05,OUT017,3904.61
FDO56,OUT049,1977.68
FDE02,OUT018,1298.81
FDN45,OUT017,3659.52
FDS09,OUT013,749.1
NCA54,OUT018,2716.97
FDP09,OUT010,592.72
FDC53,OUT045,1639.14
NCM55,OUT017,3172.47
FDL09,OUT018,2310.08
FDA11,OUT019,231.19
FDA50,OUT045,1540.68
FDC23,OUT017,2996.6
FDE22,OUT049,2631.47
FDD23,OUT046,3183.01
NCA29,OUT049,2940.66
FDK38,OUT046,2432.27
DRC13,OUT046,2081.25
NCP43,OUT049,2969.31
FDX28,OUT049,1652.88
FDF08,OUT049,1386.81
FDZ33,OUT046,2493.29
FDD10,OUT049,2810.83
FDO58,OUT017,2628.19
FDI50,OUT017,4025.77
FDO58,OUT045,2644.72
FDX08,OUT013,3076.45
NCK17,OUT010,103.69
FDF39,OUT035,4424.38
FDU45,OUT010,256.86
NCJ18,OUT018,1665.17
DRC27,OUT019,574.34
DRC25,OUT035,1409.77
FDU59,OUT035,2574.62
FDU28,OUT035,3114.69
NCP30,OUT046,659.16
FDB39,OUT018,726.14
FDE41,OUT013,1379.08
DRH11,OUT010,164.66
FDA58,OUT045,3820.08
FDU50,OUT046,1969.45
FDM34,OUT013,2146.67
FDM44,OUT027,2601.46
FDR39,OUT045,3067.18
FDM25,OUT045,2895.07
FDQ49,OUT049,2518.15
DRH25,OUT018,693.58
FDM09,OUT027,4156.41
FDL44,OUT019,412.14
NCR42,OUT018,513.89
DRL59,OUT046,824.41
FDX43,OUT013,2826.94
DRK47,OUT010,567.72
FDU48,OUT018,1816.1
FDY12,OUT045,754.54
NCN43,OUT018,1756.1
NCM55,OUT018,2653.62
FDQ21,OUT027,3296.96
FDX13,OUT035,4186.42
NCK30,OUT027,6295.63
FDG20,OUT049,2857.93
DRG27,OUT017,666.24
FDY14,OUT018,3450.66
FDP59,OUT035,1664.78
FDU60,OUT017,2781.34
NCC18,OUT019,400.91
DRJ39,OUT017,3510.14
FDS07,OUT049,1928.35
FDM08,OUT027,5679.7
FDP51,OUT045,2066.42
FDU16,OUT035,1314.87
FDH12,OUT013,1698.42
DRE48,OUT010,522.58
NCL42,OUT027,6337.64
FDR21,OUT045,2846.28
NCW29,OUT035,2121.26
FDO11,OUT013,4270.4
NCM31,OUT049,2107.23
FDV35,OUT019,345.36
FDF58,OUT017,962.1
NCE43,OUT049,2904.27
FDA02,OUT035,2554.32
DRL37,OUT010,105.85
FDR24,OUT018,1287.12
FDW59,OUT049,1316.5
FDS22,OUT049,698.55
FDW24,OUT017,755.13
FDU24,OUT035,1552.08
FDA21,OUT027,5347.08
FDH58,OUT027,3135.76
FDW36,OUT018,1355.25
FDI45,OUT027,4974.64
FDU01,OUT018,2713.23
FDF35,OUT027,2727.43
FDU43,OUT019,569.45
FDE24,OUT019,339.72
FDK50,OUT049,2673.18
FDG31,OUT045,988.14
FDC60,OUT045,1426.12
FDL36,OUT013,1387.97
FDP21,OUT013,3191.26
FDW16,OUT045,1376.33
FDX02,OUT017,3814.82
FDQ58,OUT027,3814.48
FDT51,OUT046,1748.38
FDD59,OUT049,1300.01
NCM42,OUT018,1375.94
FDA57,OUT018,513.89
FDZ48,OUT035,1758.12
FDE46,OUT045,2517.25
NCZ30,OUT019,280.14
FDB56,OUT017,3168.43
FDA25,OUT027,2570.39
FDD20,OUT013,2138.64
FDL25,OUT013,1443.4
NCO18,OUT049,2968.5
FDJ45,OUT017,621.83
FDR12,OUT035,2911.72
NCF19,OUT010,106.79
FDK25,OUT046,2849.69
NCR17,OUT046,1957.89
FDC52,OUT046,2522.09
NCA54,OUT017,3012.37
FDR45,OUT010,599.95
NCM19,OUT049,1924.86
FDF39,OUT027,6490.18
FDX23,OUT049,1588.28
FDD58,OUT027,2602.64
FDX28,OUT013,1658.41
NCD31,OUT013,2755.45
FDU57,OUT018,2161.42
FDI27,OUT046,748.08
NCM42,OUT046,1725.5
FDD32,OUT027,2213.59
FDI34,OUT013,3815.71
NCM29,OUT049,2123.75
FDG46,OUT018,1612.06
DRC01,OUT010,107.61
FDB15,OUT027,6152.19
NCA17,OUT027,3853.75
FDF10,OUT046,2501.44
FDR26,OUT027,4810.19
FDI02,OUT049,1765.8
NCM54,OUT010,300.63
FDF14,OUT013,2457.64
FDJ33,OUT010,272.65
FDM20,OUT035,4141.12
FDC03,OUT027,5240.4
NCX05,OUT046,2002.04
NCM41,OUT027,2529.35
NCU29,OUT010,372.58
FDQ59,OUT017,1342.59
FDH46,OUT010,235.48
FDH09,OUT013,765.33
NCD06,OUT045,744.1
FDC15,OUT035,2529.18
DRD37,OUT027,1058.68
FDT28,OUT027,3781.17
FDR28,OUT027,4322.82
FDT38,OUT017,1355.67
FDV34,OUT027,1965.4
FDY52,OUT035,968.66
FDB34,OUT013,1362.97
DRL23,OUT018,1342.15
DRB24,OUT046,2479.31
FDJ50,OUT046,868.09
FDQ49,OUT035,2515.14
FDP20,OUT035,2117.04
FDV19,OUT027,4334.95
NCR54,OUT045,3104.67
FDO09,OUT010,586.82
FDS57,OUT018,1840.0
FDN10,OUT049,1981.68
FDV23,OUT049,2097.36
FDY28,OUT049,3526.69
DRG51,OUT013,2751.69
FDD45,OUT019,231.83
NCL18,OUT027,5141.4
NCM29,OUT013,2131.37
FDF17,OUT027,5145.52
FDE22,OUT017,2680.99
FDQ22,OUT017,636.56
FDS01,OUT013,3061.83
FDW35,OUT027,1002.53
FDJ33,OUT046,2093.6
NCF54,OUT035,2882.09
FDE09,OUT013,1735.92
NCE06,OUT045,2612.71
DRH49,OUT049,1277.85
FDY43,OUT045,2867.4
NCT05,OUT017,4185.84
FDZ34,OUT045,3152.03
FDL38,OUT017,1367.17
FDZ31,OUT017,3162.16
FDR14,OUT035,869.24
NCN54,OUT049,1251.3
NCC42,OUT027,3465.24
FDK08,OUT017,1639.23
FDP59,OUT013,1671.52
FDV22,OUT035,2630.02
FDD33,OUT035,3805.98
DRE60,OUT027,5932.59
FDK52,OUT046,3725.3
FDA02,OUT017,2516.93
FDM56,OUT049,1716.64
FDE57,OUT035,2117.37
FDM32,OUT045,1371.08
NCQ30,OUT027,3174.13
FDQ27,OUT027,2576.71
FDT60,OUT027,3206.89
FDU43,OUT049,4094.5
NCO55,OUT035,1698.29
FDG02,OUT045,3156.95
FDJ28,OUT013,3196.25
FDP40,OUT045,1762.84
FDJ38,OUT045,3135.35
NCC54,OUT017,3857.32
NCZ41,OUT046,2117.15
FDK38,OUT019,358.05
FDU52,OUT013,2457.52
FDC40,OUT046,1199.12
NCR30,OUT017,1107.79
NCN18,OUT017,1749.81
FDB50,OUT035,1314.79
FDG04,OUT013,3179.31
FDR26,OUT035,2771.16
NCT17,OUT018,2762.43
FDX35,OUT027,5903.74
FDS12,OUT046,2131.41
NCZ29,OUT027,3269.73
FDB38,OUT010,391.26
FDP12,OUT013,639.9
FDP22,OUT046,781.87
FDS26,OUT018,3547.77
FDR52,OUT046,3181.47
DRJ13,OUT046,2668.11
FDU48,OUT027,3440.97
FDE29,OUT035,952.98
NCT29,OUT049,2090.19
DRK37,OUT018,2755.96
FDK55,OUT046,1347.65
FDR07,OUT046,1553.28
FDO21,OUT027,5977.88
FDK46,OUT049,4385.02
FDB12,OUT045,1669.32
FDT31,OUT027,4850.23
FDJ33,OUT045,2064.69
FDC26,OUT027,2869.58
NCQ02,OUT045,3145.59
FDP08,OUT010,506.74
FDB11,OUT027,5941.06
FDV55,OUT013,2531.14
FDW20,OUT049,2122.95
NCJ18,OUT019,281.56
FDC41,OUT018,928.23
FDE14,OUT027,2590.92
FDG35,OUT013,2820.95
FDF45,OUT035,863.27
FDS19,OUT027,2188.56
FDS58,OUT019,414.22
FDA26,OUT017,3676.23
FDM32,OUT049,1353.61
FDL45,OUT046,2115.72
FDZ55,OUT049,2582.14
FDY37,OUT049,2154.83
FDO46,OUT046,3193.65
FDQ60,OUT046,2067.64
FDA19,OUT018,1852.84
FDL15,OUT046,2513.4
FDM10,OUT018,3160.13
NCL05,OUT017,683.01
DRK49,OUT010,103.69
NCE18,OUT027,6344.9
FDG40,OUT049,623.68
DRI59,OUT045,3661.32
FDK28,OUT035,4072.04
NCD06,OUT019,100.54
FDO11,OUT019,562.74
FDK27,OUT046,2090.08
FDT43,OUT027,1318.48
FDD38,OUT018,1342.15
FDA16,OUT049,3590.79
FDL14,OUT027,3913.22
NCM17,OUT049,693.71
FDD20,OUT045,2104.4
FDA40,OUT045,1371.38
FDL43,OUT045,1298.97
FDV15,OUT045,1666.11
FDE52,OUT046,1381.8
NCL17,OUT010,345.98
NCJ31,OUT045,3839.97
FDR60,OUT045,1294.92
NCA18,OUT035,1968.8
FDS21,OUT027,1801.31
FDW09,OUT035,1278.13
FDL26,OUT035,2524.2
FDS47,OUT018,1282.07
FDC39,OUT046,3435.66
FDT51,OUT035,1747.28
FDK40,OUT035,4350.48
NCG19,OUT045,3708.47
FDZ07,OUT046,965.32
FDF08,OUT027,2471.06
FDO04,OUT013,853.78
FDK41,OUT018,1188.81
FDP15,OUT049,4009.51
NCD43,OUT018,1355.25
NCP18,OUT013,2520.02
FDZ51,OUT046,1466.55
DRH13,OUT035,1706.73
FDF38,OUT045,660.44
NCI43,OUT045,742.45
FDM38,OUT027,1797.63
FDS03,OUT013,1048.58
DRJ47,OUT017,2854.74
FDT50,OUT010,231.42
FDV02,OUT046,2870.86
NCG18,OUT017,1673.07
FDW52,OUT046,2713.51
FDS40,OUT035,636.93
FDN31,OUT017,3164.23
FDA37,OUT045,2050.93
FDA15,OUT046,4132.25
FDL39,OUT046,3015.16
FDJ53,OUT045,2055.46
FDX22,OUT013,3691.79
NCZ42,OUT045,4099.87
FDD56,OUT027,5192.28
FDD40,OUT017,3137.35
FDS50,OUT013,3614.04
NCN14,OUT013,3128.45
FDT15,OUT013,3237.48
NCS18,OUT027,2634.19
NCO26,OUT010,265.25
FDF58,OUT018,767.52
NCB19,OUT013,1404.1
FDH26,OUT017,2136.1
DRB24,OUT027,3797.08
FDA49,OUT018,1258.94
FDB32,OUT045,1541.7
FDI36,OUT017,3180.73
NCA17,OUT010,345.06
FDH22,OUT013,2128.07
NCM26,OUT018,2214.9
FDT15,OUT027,5337.81
FDB16,OUT018,1266.22
NCP54,OUT027,3338.36
FDJ36,OUT013,1670.71
FDO28,OUT045,2031.07
FDU09,OUT013,859.75
FDF29,OUT017,2135.26
FDY08,OUT013,2154.35
DRJ59,OUT018,513.89
FDT23,OUT027,2202.35
FDU15,OUT018,513.89
FDT47,OUT013,1617.92
FDI53,OUT019,398.68
FDR59,OUT018,3388.77
FDD53,OUT035,657.53
FDY51,OUT017,3564.3
FDT04,OUT049,654.13
FDU51,OUT049,2858.7
FDG14,OUT035,2494.79
NCU06,OUT045,3784.83
DRG25,OUT046,3210.64
DRH49,OUT035,1309.17
FDN15,OUT035,2146.79
FDL43,OUT018,967.81
NCT18,OUT049,3354.84
NCB31,OUT013,3966.01
FDK57,OUT035,2024.63
FDY04,OUT019,387.68
NCP54,OUT046,2106.56
FDF41,OUT013,3936.03
FDM01,OUT045,1670.08
FDW03,OUT045,1696.85
FDF28,OUT045,2074.5
FDY37,OUT017,2161.93
FDQ03,OUT017,3930.53
FDP51,OUT027,3023.25
FDJ40,OUT017,1741.53
FDC32,OUT049,1458.13
DRI49,OUT027,2296.89
NCW54,OUT017,870.41
FDF09,OUT017,647.95
FDP45,OUT018,3239.65
DRJ23,OUT018,2747.12
FDS59,OUT017,1744.65
FDY08,OUT046,2149.02
FDX16,OUT049,2504.93
FDY16,OUT018,2745.22
FDK32,OUT035,2537.22
FDQ22,OUT013,657.42
NCC31,OUT018,2334.31
FDG58,OUT049,2516.4
DRF48,OUT013,3174.54
DRH36,OUT049,1046.15
NCR30,OUT035,1149.86
FDB03,OUT019,559.19
FDZ28,OUT027,3394.06
FDR35,OUT017,3191.03
DRD15,OUT027,6323.17
FDJ33,OUT019,287.03
FDA56,OUT010,272.84
FDP56,OUT046,749.92
NCT30,OUT046,749.1
FDK15,OUT017,1639.49
FDH44,OUT018,2147.9
FDV01,OUT013,2502.94
DRG03,OUT017,2517.46
FDG50,OUT027,2494.32
FDR16,OUT010,553.27
FDZ60,OUT046,1696.53
DRG03,OUT045,2526.49
FDS56,OUT018,3314.43
FDU33,OUT045,743.4
DRD27,OUT035,1630.88
FDW22,OUT046,3822.31
DRA24,OUT045,2636.26
FDF38,OUT049,658.91
FDX48,OUT013,2523.45
FDS58,OUT018,2418.81
FDC32,OUT046,1446.3
NCQ29,OUT045,4011.07
DRK39,OUT018,1193.62
NCS38,OUT017,1939.52
DRO47,OUT013,1758.08
DRG27,OUT027,996.59
FDC57,OUT027,4923.53
FDS55,OUT046,2441.96
NCJ06,OUT018,1704.52
FDO01,OUT019,305.94
NCM55,OUT045,3128.89
FDC52,OUT049,2530.68
FDQ15,OUT045,1295.22
NCT30,OUT027,1326.39
NCR42,OUT027,982.56
FDD28,OUT035,869.47
FDQ34,OUT049,1664.87
FDZ12,OUT027,3416.66
DRE13,OUT019,229.83
NCN07,OUT019,309.12
FDM28,OUT035,3019.79
FDI10,OUT017,2898.58
FDQ25,OUT013,2895.67
FDA38,OUT010,576.17
DRI13,OUT049,3545.82
FDY20,OUT027,2548.68
NCZ53,OUT035,3205.3
NCM31,OUT013,2475.48
DRB01,OUT017,3193.91
DRF37,OUT046,4043.8
NCF42,OUT049,2894.06
FDF16,OUT018,2153.9
FDB41,OUT013,740.93
FDR34,OUT013,4069.92
FDR15,OUT018,2348.37
NCV42,OUT019,261.14
FDW51,OUT035,3599.26
FDU36,OUT017,1601.23
FDX60,OUT049,1314.47
FDY03,OUT035,1903.63
FDW55,OUT045,4181.53
FDT01,OUT010,569.61
FDG58,OUT013,2513.05
FDK21,OUT017,4267.43
NCS41,OUT019,460.48
FDS10,OUT045,3200.91
NCT53,OUT046,2616.92
FDJ28,OUT018,2725.57
FDX44,OUT045,1374.97
FDT20,OUT018,516.64
FDO44,OUT017,1727.06
NCX17,OUT049,3741.05
FDY01,OUT017,2017.01
FDJ12,OUT027,5344.12
DRK35,OUT018,517.81
FDD47,OUT019,403.53
NCM53,OUT035,1694.86
FDO45,OUT013,1376.18
NCM42,OUT010,251.04
FDE04,OUT046,2949.33
NCI30,OUT027,6170.01
FDZ19,OUT013,2859.88
FDW57,OUT013,2923.26
FDA25,OUT013,1676.06
FDT22,OUT046,908.74
FDP51,OUT013,2036.52
FDD48,OUT027,3117.91
FDY39,OUT035,3350.69
FDO48,OUT010,610.05
FDD23,OUT027,5070.0
DRN35,OUT027,976.62
FDT01,OUT035,3544.84
FDC20,OUT010,162.46
DRJ35,OUT035,971.34
FDB32,OUT046,1465.96
FDL24,OUT046,2911.55
NCV42,OUT035,1797.47
FDZ46,OUT046,1721.59
FDC15,OUT013,2517.25
FDD08,OUT019,98.07
FDY50,OUT049,1416.94
FDD36,OUT013,2059.88
FDG57,OUT027,1317.25
FDL21,OUT018,513.89
FDN16,OUT027,2612.91
FDJ09,OUT027,1031.48
FDS01,OUT010,463.77
FDV33,OUT017,4373.99
DRE12,OUT017,1935.15
FDR07,OUT013,1582.1
FDP48,OUT010,478.46
NCB55,OUT035,865.81
FDQ08,OUT013,896.62
FDR34,OUT035,4118.16
FDO33,OUT046,1762.75
FDP13,OUT045,665.59
FDX12,OUT049,4121.65
NCT06,OUT049,2872.71
FDR16,OUT019,546.18
FDE36,OUT046,2616.02
FDZ36,OUT049,3230.31
FDV13,OUT045,1362.52
NCZ17,OUT035,638.27
FDU56,OUT045,3114.84
FDM09,OUT035,2909.58
FDV02,OUT017,2888.04
FDS34,OUT018,1598.96
FDA11,OUT049,1550.79
FDP09,OUT017,3625.71
FDB29,OUT027,3090.35
FDT19,OUT017,2867.15
DRH15,OUT017,704.39
FDY38,OUT046,3702.07
FDF14,OUT027,3679.78
FDN48,OUT010,233.91
FDQ12,OUT013,3937.25
NCJ43,OUT045,2896.58
FDE17,OUT019,342.61
FDB05,OUT035,3917.18
FDH10,OUT045,3013.77
NCR06,OUT017,662.14
FDU32,OUT018,1772.82
FDD56,OUT049,2890.12
FDO36,OUT018,2668.52
FDH16,OUT010,229.99
FDX10,OUT018,519.7
FDZ37,OUT017,1371.0
FDU31,OUT010,603.06
DRC49,OUT049,2113.22
FDL15,OUT045,2511.88
FDN32,OUT019,514.15
DRH59,OUT027,1932.67
NCU29,OUT049,2461.63
FDR37,OUT019,477.88
FDS14,OUT018,2300.86
FDU02,OUT027,6197.59
FDJ08,OUT035,3168.72
NCZ06,OUT045,3834.41
FDO31,OUT049,1345.9
FDH31,OUT018,1352.05
FDS58,OUT017,2661.26
NCA53,OUT027,1319.06
FDF50,OUT046,3140.22
NCW42,OUT049,3754.72
NCQ17,OUT045,2536.28
FDK51,OUT018,3294.27
NCW41,OUT010,388.72
NCR29,OUT017,869.25
FDB08,OUT019,383.0
FDA40,OUT027,2436.76
FDL14,OUT018,2399.6
FDB47,OUT046,3522.78
FDO03,OUT035,3964.89
DRK13,OUT019,494.96
FDX13,OUT010,574.03
FDF52,OUT046,3323.02
FDT11,OUT013,3183.86
FDB08,OUT013,2575.78
FDQ28,OUT018,2208.88
FDD29,OUT045,4212.1
NCQ29,OUT027,6170.73
NCO02,OUT013,1040.79
FDR56,OUT010,507.95
NCM54,OUT049,2116.41
FDP51,OUT035,1991.05
FDT38,OUT013,1351.12
FDZ20,OUT018,3283.59
FDJ53,OUT013,2085.98
FDX13,OUT049,4197.57
FDP58,OUT035,3582.21
NCK31,OUT019,139.5
FDA35,OUT018,1752.9
FDV37,OUT018,3119.68
NCO07,OUT027,5565.21
FDA20,OUT045,3132.95
FDZ59,OUT035,2848.83
NCY17,OUT017,695.46
FDQ28,OUT035,2535.67
FDV35,OUT017,2509.54
FDQ36,OUT013,632.01
FDD34,OUT018,2440.35
FDK51,OUT045,4386.04
FDV31,OUT035,2879.42
FDR04,OUT035,1557.94
FDR14,OUT049,863.15
DRC36,OUT010,423.27
FDE39,OUT019,279.41
FDP57,OUT049,1671.77
FDE57,OUT046,2117.52
NCN18,OUT046,1745.41
NCQ05,OUT018,2210.64
FDW47,OUT035,2095.42
FDV46,OUT035,2148.08
NCP29,OUT045,984.76
FDE09,OUT018,1416.4
NCU06,OUT027,6283.57
FDT19,OUT010,425.76
DRF15,OUT017,2492.55
DRI51,OUT013,2879.63
NCX54,OUT013,1672.08
DRE01,OUT013,3971.27
NCB07,OUT045,3056.46
FDU50,OUT035,1933.54
FDG40,OUT035,623.68
FDW10,OUT018,2650.26
FDX51,OUT013,3201.36
NCP17,OUT045,982.85
FDP21,OUT035,3206.85
FDL04,OUT045,1671.53
FDV23,OUT013,2098.8
FDF24,OUT046,1295.47
FDH56,OUT027,3028.89
FDB51,OUT049,947.98
FDI58,OUT027,2535.82
FDR20,OUT013,741.58
FDC51,OUT018,1756.1
FDB16,OUT027,2347.75
FDE40,OUT049,926.98
NCM17,OUT035,693.71
FDU56,OUT035,3125.51
FDS32,OUT019,309.68
FDX02,OUT049,3790.68
FDT39,OUT027,3871.29
FDE35,OUT017,869.25
NCI42,OUT019,585.85
DRL23,OUT046,1678.29
FDA10,OUT046,2137.52
FDA11,OUT013,1550.79
NCM06,OUT046,2458.66
NCT05,OUT035,4240.97
NCQ02,OUT010,507.14
NCY06,OUT049,2121.6
FDY56,OUT035,3903.53
FDL02,OUT035,1669.07
NCI06,OUT035,2958.26
FDQ14,OUT045,2487.77
FDQ12,OUT017,3910.96
FDP36,OUT046,749.1
FDK21,OUT027,6344.7
FDO40,OUT045,2507.63
NCK54,OUT019,275.66
FDY09,OUT018,2684.62
NCW30,OUT049,4248.99
NCC55,OUT027,975.77
FDE58,OUT018,1639.82
FDR39,OUT013,3103.3
FDU28,OUT049,3127.9
FDH08,OUT017,4039.22
FDG35,OUT045,2813.76
FDG22,OUT049,621.83
FDC34,OUT035,2575.33
FDP15,OUT018,3475.94
FDK34,OUT010,601.27
FDU45,OUT035,1994.48
FDQ04,OUT027,976.62
FDX22,OUT018,2982.95
FDB45,OUT017,1666.28
NCH43,OUT027,5424.88
DRE60,OUT046,3639.66
FDD17,OUT027,6454.81
NCM54,OUT017,2117.4
NCH55,OUT013,2122.19
NCT06,OUT017,2725.4
FDA48,OUT027,5758.03
FDY58,OUT027,6334.83
FDO25,OUT045,3490.56
FDN50,OUT045,1544.32
FDH35,OUT035,2684.72
FDK09,OUT045,3696.28
FDO16,OUT013,1355.38
FDW11,OUT045,1036.41
FDU47,OUT027,3351.52
NCQ42,OUT010,300.63
FDK55,OUT027,2507.96
FDN08,OUT049,1976.26
FDT57,OUT045,4104.96
FDJ12,OUT018,3043.44
DRL59,OUT017,793.28
NCN53,OUT046,634.8
FDO51,OUT010,106.66
FDK56,OUT017,3150.59
FDY12,OUT035,799.05
FDU15,OUT035,638.2
FDQ19,OUT046,4090.06
DRF15,OUT045,2504.88
DRE25,OUT019,229.35
FDK57,OUT018,1717.62
FDD33,OUT010,582.61
FDR34,OUT027,6414.26
FDU04,OUT045,2069.39
FDE35,OUT019,163.44
NCD31,OUT035,2772.75
FDJ56,OUT035,1632.28
NCU53,OUT046,2616.92
FDD39,OUT035,3546.05
NCU17,OUT019,242.32
FDJ20,OUT046,2110.82
NCW41,OUT018,2314.5
FDL52,OUT035,665.38
FDS39,OUT035,2125.78
DRJ47,OUT045,2860.32
FDP13,OUT010,103.69
DRK39,OUT010,232.23
FDF28,OUT010,294.71
FDB09,OUT045,2090.08
FDM51,OUT046,1643.96
DRM49,OUT018,580.56
DRF23,OUT013,2856.3
DRH01,OUT035,2886.68
FDH12,OUT027,2686.73
FDA28,OUT019,286.9
FDW37,OUT018,1282.92
FDF02,OUT046,1676.66
DRL37,OUT046,688.11
NCF43,OUT046,2110.75
FDH08,OUT010,580.97
FDR34,OUT019,591.45
NCK19,OUT049,3196.65
NCD55,OUT018,515.34
FDT27,OUT049,3993.17
FDQ57,OUT045,2451.42
FDA47,OUT035,2696.87
DRG15,OUT027,1843.06
FDE05,OUT018,2205.37
FDN46,OUT046,1650.91
FDX27,OUT027,2625.62
FDT51,OUT045,1741.07
FDU33,OUT013,704.49
FDJ16,OUT027,1816.17
FDD20,OUT019,280.04
FDT36,OUT049,625.29
DRF15,OUT027,3908.52
FDN52,OUT010,231.96
FDC22,OUT027,5254.31
FDX15,OUT045,2635.47
FDT13,OUT013,3194.53
FDU04,OUT017,2098.97
FDU31,OUT019,588.94
FDW59,OUT027,2366.09
NCO29,OUT046,2704.9
FDL15,OUT035,2511.86
FDI41,OUT049,2522.38
FDQ48,OUT049,1640.74
DRI39,OUT013,859.75
FDI08,OUT013,4195.27
FDC21,OUT049,1741.06
FDF58,OUT035,965.84
FDS08,OUT010,430.76
FDE47,OUT045,2069.95
NCP18,OUT019,359.17
NCR41,OUT013,1595.46
FDA27,OUT013,4095.24
FDA43,OUT035,3165.76
FDA49,OUT045,1362.4
NCE55,OUT018,2749.19
DRM49,OUT027,1052.74
FDF22,OUT027,5322.13
FDQ15,OUT018,1151.96
NCS54,OUT017,2988.41
NCY05,OUT013,638.27
FDR45,OUT046,4033.32
FDK57,OUT049,2081.45
FDF41,OUT010,578.73
FDV21,OUT046,2138.6
FDD51,OUT046,740.42
FDF33,OUT046,1726.24
FDA38,OUT046,3912.93
FDR56,OUT045,3102.9
NCN41,OUT017,2107.29
FDC60,OUT027,2478.32
FDB47,OUT045,3507.61
DRH01,OUT013,2877.82
FDW08,OUT046,1673.26
FDF38,OUT027,981.71
FDY32,OUT017,2647.37
FDG34,OUT049,1716.69
FDG47,OUT019,574.52
NCF18,OUT035,3115.45
FDL39,OUT019,460.05
NCH55,OUT035,2114.67
DRJ35,OUT049,929.62
FDS44,OUT035,3959.36
DRE01,OUT018,3498.62
FDY39,OUT013,3212.02
FDY32,OUT018,2329.75
FDR33,OUT027,3079.51
NCP50,OUT049,1292.54
FDZ47,OUT018,1328.81
FDU57,OUT049,2454.7
FDY44,OUT013,3173.82
DRH59,OUT018,858.64
FDB03,OUT027,6337.57
FDY46,OUT045,3059.17
FDM39,OUT045,2894.43
FDY36,OUT035,1157.08
NCM55,OUT035,3206.03
FDJ50,OUT010,144.08
DRL60,OUT013,2461.0
NCJ54,OUT049,3907.99
FDX59,OUT017,625.29
FDI07,OUT013,3153.87
DRF51,OUT010,103.69
FDM14,OUT017,1724.41
FDP21,OUT045,3155.14
FDE40,OUT035,984.45
FDE05,OUT035,2505.9
FDM13,OUT027,3416.52
FDC34,OUT027,4155.55
NCI55,OUT018,1743.0
NCE43,OUT018,2321.25
FDW58,OUT018,1342.15
FDG60,OUT045,3931.17
FDV31,OUT017,2883.45
FDR47,OUT013,3101.06
FDM60,OUT019,98.07
NCF06,OUT018,3271.74
NCN26,OUT027,3113.9
FDQ59,OUT049,1375.48
FDF09,OUT046,647.34
NCS06,OUT017,4287.89
FDT44,OUT046,2013.81
FDI19,OUT017,4085.03
FDT22,OUT017,940.88
NCF54,OUT027,4290.61
DRG25,OUT045,3171.26
FDB59,OUT017,3100.63
FDQ37,OUT017,3070.98
FDP56,OUT035,749.92
FDW44,OUT035,2897.72
FDJ26,OUT010,579.16
FDU43,OUT018,3305.26
FDW33,OUT045,1670.76
NCX53,OUT027,3510.85
FDN56,OUT010,358.75
DRF15,OUT049,2491.34
FDO33,OUT017,1959.03
FDZ39,OUT010,237.49
NCJ19,OUT017,865.59
FDU01,OUT035,3123.3
FDT12,OUT035,3840.97
NCM18,OUT018,774.2
FDP19,OUT017,2142.54
NCR42,OUT049,626.66
FDN10,OUT046,2004.63
FDG44,OUT017,870.41
FDQ10,OUT046,2907.98
DRH13,OUT049,1677.27
FDT52,OUT013,4133.31
FDM56,OUT045,1735.55
NCO43,OUT010,237.75
NCV29,OUT035,2954.18
NCF06,OUT013,4233.1
FDO50,OUT035,1399.16
FDT59,OUT013,4028.66
FDX40,OUT027,959.13
FDE50,OUT017,3129.7
FDX51,OUT017,3204.62
NCD30,OUT018,1328.81
FDK15,OUT013,1641.3
FDL12,OUT045,954.39
FDK46,OUT017,4289.03
DRH49,OUT010,230.17
FDQ57,OUT046,2443.88
FDY59,OUT017,1468.47
FDO09,OUT018,3531.54
NCG30,OUT035,2120.75
FDM09,OUT017,2880.07
NCN17,OUT027,2633.33
NCS42,OUT013,1392.08
FDD02,OUT019,273.19
FDE34,OUT013,3321.44
FDU38,OUT045,3146.45
FDB33,OUT046,2611.06
NCJ29,OUT017,1377.73
FDZ27,OUT035,751.55
FDI40,OUT013,1642.55
FDG22,OUT013,635.36
FDT51,OUT017,1745.98
FDF20,OUT018,3004.25
FDV50,OUT035,2104.68
FDT02,OUT049,638.2
DRC49,OUT017,2532.2
FDF26,OUT049,2445.44
FDV52,OUT035,2023.43
FDX59,OUT049,626.29
FDV25,OUT035,3702.59
FDW23,OUT027,976.62
FDE53,OUT018,1355.25
FDA19,OUT017,2102.52
FDH22,OUT046,2120.62
NCO41,OUT013,1624.02
FDX12,OUT017,4162.86
FDF17,OUT013,3167.91
FDS11,OUT045,3803.95
FDR51,OUT035,2490.62
FDT49,OUT010,237.52
FDC56,OUT013,2088.29
FDR13,OUT027,3156.75
FDQ60,OUT035,2077.14
FDN38,OUT049,3923.17
NCL29,OUT013,2570.81
FDO13,OUT027,3914.43
FDE26,OUT018,2102.98
FDA31,OUT010,417.63
FDX14,OUT035,1185.61
FDA34,OUT045,2976.85
FDF26,OUT013,2443.85
FDE38,OUT045,2836.13
DRI11,OUT046,1921.86
FDQ60,OUT027,3063.13
FDL21,OUT027,958.71
DRC12,OUT027,4979.86
FDC47,OUT046,3666.56
FDE57,OUT045,2076.92
FDT14,OUT045,2082.53
NCZ53,OUT046,3192.96
FDE28,OUT018,3389.02
FDR19,OUT035,2565.8
NCF54,OUT019,406.42
FDZ08,OUT046,1330.94
NCJ05,OUT018,2195.09
FDF59,OUT046,2100.79
NCO05,OUT035,1646.02
FDW24,OUT018,680.77
NCX42,OUT018,2442.29
NCA53,OUT035,749.14
FDI45,OUT019,421.26
FDG46,OUT046,1889.52
FDM20,OUT010,579.07
FDW11,OUT010,165.97
FDX08,OUT035,3042.26
NCK17,OUT035,661.16
FDK32,OUT018,2146.51
NCA42,OUT035,2600.86
DRI01,OUT035,2913.7
NCL55,OUT049,4061.55
DRE25,OUT018,1319.68
FDD14,OUT017,3109.39
FDB10,OUT046,3942.57
DRN11,OUT035,2497.98
FDP38,OUT018,684.29
NCA30,OUT017,3093.33
FDT15,OUT017,3196.93
NCP55,OUT018,735.85
FDF12,OUT035,2460.85
FDM21,OUT018,3454.62
FDX56,OUT035,3551.44
FDF10,OUT017,2533.77
FDT32,OUT045,3046.41
FDM51,OUT018,1355.25
NCR50,OUT018,2237.54
FDI19,OUT049,4102.81
FDX21,OUT017,1702.79
FDR31,OUT035,2483.1
FDY02,OUT013,4114.54
NCA29,OUT045,2927.27
NCX17,OUT046,3613.4
FDM12,OUT045,3088.5
FDI53,OUT027,3940.13
NCU30,OUT049,2655.44
FDC56,OUT027,3091.56
FDK27,OUT018,1756.1
NCK18,OUT017,2956.25
FDB52,OUT019,585.34
DRG25,OUT027,5323.45
FDZ13,OUT049,785.06
FDB57,OUT019,598.6
FDR40,OUT046,1324.98
NCO14,OUT019,100.22
NCN19,OUT045,3145.59
FDQ28,OUT019,354.86
FDO13,OUT018,2339.24
FDK48,OUT013,1297.34
FDU07,OUT018,2173.46
FDW20,OUT046,2127.84
FDV12,OUT010,236.55
FDH24,OUT013,2586.77
FDV59,OUT049,3519.07
FDK57,OUT045,2049.73
FDL16,OUT027,1052.23
NCQ17,OUT046,2525.35
FDJ15,OUT018,2724.32
FDX24,OUT049,1463.19
FDT47,OUT046,1588.33
FDT10,OUT049,915.38
FDZ37,OUT018,1268.26
FDW43,OUT027,6388.86
DRN36,OUT017,1552.69
FDJ14,OUT045,1320.17
FDA32,OUT013,3530.43
FDJ38,OUT019,515.4
FDQ57,OUT017,2443.15
NCQ41,OUT019,517.87
FDG56,OUT049,923.02
DRC13,OUT027,3395.75
FDV55,OUT035,2578.23
FDQ49,OUT045,2546.55
FDE29,OUT010,166.78
FDR03,OUT013,3530.55
FDD45,OUT049,1457.57
FDN38,OUT010,561.03
FDT56,OUT046,865.81
FDT48,OUT045,3219.55
FDU03,OUT049,2991.6
FDC56,OUT010,269.58
NCO43,OUT027,2591.16
FDQ27,OUT017,1687.66
FDR03,OUT046,3498.2
DRH23,OUT010,162.46
FDG22,OUT045,653.77
NCJ42,OUT013,1668.8
FDR24,OUT046,1375.41
FDW60,OUT035,2924.76
FDJ08,OUT013,3153.99
DRL59,OUT018,690.67
FDG60,OUT010,587.72
FDW27,OUT017,2457.67
FDX14,OUT018,1129.37
FDC20,OUT013,858.6
NCS29,OUT018,3456.52
FDJ56,OUT046,1634.08
FDB20,OUT019,220.5
FDL28,OUT027,6207.1
FDW01,OUT018,2097.83
FDL03,OUT046,3076.74
FDX22,OUT049,3692.7
FDJ21,OUT035,2573.24
FDR31,OUT045,2450.2
FDG21,OUT035,2516.87
FDS22,OUT027,978.69
FDK08,OUT035,1640.74
FDE17,OUT018,2135.87
NCN30,OUT017,1557.57
FDT50,OUT046,1589.52
NCX42,OUT049,2701.83
FDJ12,OUT035,3623.64
NCA18,OUT027,3102.13
FDP23,OUT019,555.62
FDX12,OUT013,4126.61
FDN40,OUT018,2172.12
FDV48,OUT035,1310.14
NCY54,OUT013,2894.99
FDL16,OUT010,106.17
FDR45,OUT018,3171.39
FDJ52,OUT046,2615.85
DRG01,OUT017,1281.4
FDP52,OUT013,3981.4
FDU58,OUT017,3209.18
FDL02,OUT045,1671.34
FDG28,OUT013,4157.04
FDA19,OUT035,2091.22
FDW46,OUT027,1913.16
NCD43,OUT049,1674.38
DRG39,OUT013,779.34
NCF55,OUT049,638.86
FDJ07,OUT046,2003.37
FDE08,OUT046,2494.54
FDP56,OUT019,103.44
FDT45,OUT045,834.81
FDF17,OUT018,2810.58
FDX44,OUT046,1370.96
FDM28,OUT027,5297.57
FDI36,OUT049,3161.08
FDS07,OUT045,1966.84
FDD36,OUT045,1986.85
FDW11,OUT046,937.13
FDN40,OUT049,2446.12
NCQ18,OUT049,1618.77
NCQ54,OUT017,2927.95
NCS42,OUT045,1405.49
DRH39,OUT010,205.96
FDC09,OUT027,2566.78
FDT08,OUT010,350.15
FDC08,OUT035,3729.95
FDT20,OUT017,637.55
FDS35,OUT035,1064.35
FDX58,OUT018,2741.82
FDW58,OUT046,1679.68
DRD27,OUT046,1631.35
FDH32,OUT019,238.66
FDS26,OUT035,4019.04
FDQ31,OUT046,1405.25
FDP11,OUT018,3191.07
FDD58,OUT017,1640.71
FDM33,OUT045,3400.97
FDZ16,OUT049,3155.16
NCS29,OUT010,567.44
NCM18,OUT019,162.63
FDP11,OUT049,3538.29
NCC42,OUT017,2136.94
DRM23,OUT046,2849.55
NCN55,OUT027,6462.31
FDK46,OUT013,4320.16
FDR01,OUT046,3164.79
NCA05,OUT045,2483.99
NCP43,OUT017,2912.07
FDR12,OUT010,410.26
FDQ01,OUT013,3973.53
FDM13,OUT046,2094.01
FDQ19,OUT017,4195.76
FDK56,OUT019,479.18
NCX06,OUT010,492.71
FDO56,OUT027,3141.1
FDU45,OUT045,1815.74
FDI16,OUT019,159.12
FDL32,OUT046,1924.44
FDA07,OUT046,2088.89
FDA14,OUT045,2503.44
FDV46,OUT027,3458.79
NCO07,OUT035,3603.01
NCP41,OUT046,1688.65
FDY60,OUT018,1838.7
FDN38,OUT017,3904.16
FDO15,OUT046,1113.9
FDT60,OUT013,2095.83
FDA55,OUT035,3892.51
FDE02,OUT010,231.9
DRJ39,OUT049,3627.71
FDV34,OUT035,1141.06
FDS20,OUT027,5179.98
FDF02,OUT027,2686.13
FDW40,OUT017,2159.45
NCB43,OUT046,3085.03
FDR58,OUT017,1415.81
DRJ59,OUT035,662.14
NCD30,OUT017,1632.93
FDE14,OUT017,1624.51
FDC28,OUT018,1371.97
FDU16,OUT018,1190.84
NCD19,OUT035,868.09
FDU21,OUT046,637.55
FDV59,OUT027,5734.48
FDU03,OUT045,3218.5
FDC33,OUT010,585.9
NCR42,OUT035,630.39
DRH59,OUT035,1185.74
NCM31,OUT035,2113.51
FDS50,OUT035,3810.86
FDP39,OUT046,800.65
FDQ55,OUT013,2020.59
FDV36,OUT019,288.87
FDI05,OUT027,2273.46
FDS45,OUT027,2581.56
FDA39,OUT045,668.04
FDC37,OUT010,251.42
FDJ60,OUT027,4213.71
DRQ35,OUT046,2081.43
NCJ06,OUT046,2100.41
NCY42,OUT018,2202.52
DRM37,OUT049,3185.58
FDR14,OUT045,786.55
FDE51,OUT049,704.49
FDT33,OUT017,2871.39
FDR08,OUT013,1827.31
FDE36,OUT010,406.55
FDL22,OUT019,225.87
FDR44,OUT013,2106.77
FDI56,OUT019,224.42
FDE47,OUT010,296.97
FDV27,OUT010,232.72
FDV10,OUT049,680.61
FDC40,OUT045,1288.18
NCX41,OUT013,3578.74
NCQ38,OUT027,2582.7
FDV12,OUT027,2590.84
FDE52,OUT017,1371.97
FDG20,OUT027,5198.46
FDV16,OUT027,976.62
FDI32,OUT017,1998.77
FDJ32,OUT049,954.03
FDN39,OUT018,2283.0
FDY34,OUT017,2950.18
FDC14,OUT035,668.09
FDA55,OUT017,3894.0
FDZ50,OUT010,472.08
DRG13,OUT049,2714.09
FDP01,OUT013,2480.62
NCG54,OUT017,2916.46
FDM13,OUT045,2064.52
NCO18,OUT027,5310.87
NCW41,OUT013,2550.01
FDM52,OUT027,3850.24
NCF55,OUT035,634.97
FDT09,OUT046,2143.37
NCM19,OUT035,1736.1
FDW12,OUT018,2215.24
FDP15,OUT019,575.09
FDK36,OUT045,751.55
FDZ25,OUT035,2909.05
NCW06,OUT049,3181.72
FDW60,OUT046,2950.7
DRC49,OUT013,2510.05
NCT17,OUT035,3183.58
NCN06,OUT018,2341.02
FDC45,OUT013,2854.93
DRJ47,OUT019,406.68
NCF06,OUT045,4163.28
FDE21,OUT010,270.2
DRG27,OUT013,667.84
FDW40,OUT049,2135.16
NCO53,OUT046,3145.29
FDE23,OUT049,697.9
FDQ16,OUT046,1708.28
FDS26,OUT045,3965.48
FDZ13,OUT010,107.61
FDS14,OUT049,2458.3
FDC10,OUT045,1991.16
FDY16,OUT049,3146.76
FDJ20,OUT035,2118.92
FDV43,OUT035,685.45
FDZ32,OUT027,2548.24
FDR23,OUT046,2864.96
FDN24,OUT035,828.11
FDE34,OUT027,5383.73
FDU31,OUT013,3584.09
FDW33,OUT018,1355.25
FDU26,OUT046,2002.75
FDE20,OUT027,4223.99
NCW05,OUT035,1673.12
FDB22,OUT018,2160.52
FDO56,OUT046,1978.77
FDA19,OUT027,3451.07
DRI39,OUT045,869.24
FDH52,OUT018,767.52
FDZ50,OUT035,3357.46
NCN42,OUT035,2526.25
FDB53,OUT013,2505.43
DRG11,OUT017,1731.5
DRK11,OUT027,3678.01
FDQ60,OUT017,2081.59
FDT36,OUT017,625.29
DRG25,OUT018,2714.13
DRJ23,OUT046,3102.6
FDG05,OUT035,2619.1
NCK06,OUT018,1776.79
FDU52,OUT017,2456.9
FDW07,OUT018,1267.29
NCM17,OUT045,705.21
FDA22,OUT045,2856.98
NCA41,OUT018,2771.5
FDF38,OUT035,673.26
FDH52,OUT046,967.76
FDY58,OUT019,590.85
FDZ16,OUT045,3093.02
NCM18,OUT017,981.52
FDA22,OUT018,2323.99
NCJ43,OUT035,2912.44
FDI34,OUT027,6288.85
FDG56,OUT046,970.41
FDS34,OUT046,2004.17
DRC01,OUT035,764.64
FDQ04,OUT035,667.17
FDK04,OUT035,869.47
FDT51,OUT049,1746.93
FDV26,OUT017,3111.05
FDS04,OUT049,2151.58
FDW43,OUT018,3101.13
FDQ28,OUT010,354.61
NCK06,OUT017,2094.32
FDS23,OUT018,1852.84
FDZ36,OUT019,500.85
FDE56,OUT018,769.74
FDW10,OUT027,4791.86
NCN14,OUT045,3070.68
NCQ18,OUT045,1618.77
FDW08,OUT017,1695.91
FDU43,OUT035,4053.33
FDR33,OUT010,249.89
FDM24,OUT010,358.36
NCZ05,OUT046,1673.81
NCV41,OUT035,1797.49
FDV11,OUT018,2656.45
NCY05,OUT035,638.27
FDV44,OUT018,2770.32
FDW32,OUT049,1323.14
NCU18,OUT027,3513.72
NCC43,OUT035,3943.18
FDW19,OUT013,1741.53
FDN31,OUT035,3168.91
FDI48,OUT045,765.9
FDS24,OUT017,1380.7
FDF46,OUT049,1974.87
DRG23,OUT017,2473.42
FDG14,OUT018,2195.38
NCY30,OUT049,2931.26
FDO28,OUT018,1776.79
DRD24,OUT035,2131.24
FDI33,OUT049,1378.49
FDN32,OUT046,3140.0
FDR16,OUT045,3491.25
FDF26,OUT046,2443.0
NCN29,OUT018,674.96
FDE20,OUT045,2945.24
FDA46,OUT046,3173.61
FDU28,OUT045,3062.99
FDQ48,OUT045,1641.15
FDV36,OUT013,2139.0
FDR14,OUT018,700.38
FDP23,OUT017,3546.33
FDP56,OUT013,775.12
FDK48,OUT010,212.51
FDR48,OUT046,2507.34
NCY29,OUT049,863.15
FDM22,OUT018,704.83
DRJ01,OUT013,2613.81
FDZ43,OUT045,4086.75
FDV03,OUT035,2537.45
FDX11,OUT027,5487.48
NCA41,OUT027,5364.31
FDE38,OUT017,2839.97
FDI27,OUT018,597.96
FDN32,OUT013,3176.9
NCN43,OUT017,2113.63
FDB47,OUT027,5375.09
FDV03,OUT017,2536.34
NCN30,OUT045,1623.03
NCV54,OUT010,274.7
FDV07,OUT013,1730.87
FDP07,OUT049,3080.21
FDK48,OUT018,837.56
FDM15,OUT019,352.55
FDY19,OUT027,3115.49
FDK46,OUT046,4240.09
FDY11,OUT045,1053.17
FDH09,OUT046,795.4
FDO08,OUT027,4157.72
FDU14,OUT013,4127.24
FDD22,OUT027,3030.08
FDM27,OUT017,2566.14
FDL02,OUT027,2680.14
NCA17,OUT035,2480.38
FDE38,OUT019,402.51
NCG07,OUT049,3195.93
DRC27,OUT013,4071.06
FDA27,OUT035,4088.4
FDW40,OUT045,2109.78
DRI11,OUT013,1980.14
FDN50,OUT046,1544.32
FDR12,OUT046,2911.81
FDT34,OUT027,2717.37
FDW11,OUT035,960.28
NCO30,OUT027,4920.32
FDZ34,OUT017,3196.92
FDU45,OUT017,1899.58
NCD42,OUT035,637.65
FDX25,OUT045,2982.67
NCR29,OUT046,868.09
FDX43,OUT019,399.7
FDB04,OUT010,238.11
FDR49,OUT027,1224.98
FDS39,OUT018,1854.28
FDW58,OUT045,1675.67
FDG22,OUT019,98.07
FDG31,OUT017,968.61
NCV53,OUT027,6498.85
DRJ37,OUT035,2501.94
FDV07,OUT035,1736.31
FDW52,OUT018,2416.49
FDT15,OUT045,3150.57
FDD02,OUT018,1678.95
FDM16,OUT035,1138.56
NCE55,OUT046,2866.59
FDB57,OUT018,3028.73
FDQ04,OUT013,693.81
FDQ47,OUT019,98.07
FDY14,OUT019,553.06
DRK37,OUT017,3183.08
FDO25,OUT017,3569.09
FDL57,OUT046,4265.5
NCK29,OUT018,1776.79
FDK46,OUT027,6097.06
NCB43,OUT010,481.71
DRE01,OUT027,6299.82
FDC46,OUT018,2782.35
FDQ23,OUT045,1679.62
FDX38,OUT049,753.66
FDG60,OUT018,3313.66
FDW55,OUT017,4180.12
FDP39,OUT013,751.5
FDB20,OUT018,1130.69
FDV21,OUT017,2139.27
FDZ02,OUT013,1588.14
FDP19,OUT027,3253.43
FDA38,OUT035,4059.62
FDH22,OUT045,2091.71
DRM11,OUT045,4171.3
FDO12,OUT027,5487.41
FDT14,OUT049,2106.48
FDW34,OUT010,574.59
FDG04,OUT027,5420.71
FDW59,OUT018,1261.34
FDR33,OUT018,1371.97
FDP32,OUT013,2098.97
FDL13,OUT027,6535.92
FDD22,OUT013,1924.62
FDV40,OUT027,1883.9
NCD55,OUT046,673.31
FDQ20,OUT010,103.69
FDD28,OUT045,869.47
FDC39,OUT045,3499.16
NCR17,OUT049,1991.29
DRO35,OUT018,1635.05
FDF40,OUT049,4154.41
FDR31,OUT018,2171.29
NCQ41,OUT017,3206.55
FDP38,OUT046,754.31
NCU54,OUT027,5479.23
FDG22,OUT018,513.89
DRK59,OUT013,3944.91
FDC37,OUT046,1698.11
NCO42,OUT013,2510.82
NCT42,OUT017,2457.45
FDX27,OUT035,1482.68
FDV40,OUT018,857.04
FDT45,OUT027,1774.76
FDS47,OUT019,226.01
FDR45,OUT035,4127.1
FDB03,OUT045,3843.45
FDO49,OUT035,797.89
FDU60,OUT027,4231.65
FDB26,OUT018,693.42
FDB46,OUT017,3550.74
FDQ37,OUT019,498.86
FDN03,OUT017,4232.21
NCX30,OUT045,4142.03
FDK32,OUT019,351.21
DRM47,OUT013,3173.68
NCO02,OUT046,1066.96
FDP04,OUT013,990.13
NCO43,OUT049,1674.4
FDD59,OUT013,1330.53
FDQ10,OUT017,2922.58
FDW45,OUT035,2513.79
NCK30,OUT049,4133.43
FDU31,OUT018,2972.61
NCQ17,OUT019,356.82
FDN01,OUT017,2888.13
FDZ19,OUT049,2860.45
DRG37,OUT017,2552.95
FDE32,OUT045,633.81
FDO34,OUT049,2884.67
FDM04,OUT019,126.43
FDZ25,OUT049,2907.82
FDU08,OUT049,1641.8
NCW30,OUT045,4158.33
NCM18,OUT013,957.84
FDS22,OUT035,682.28
NCH18,OUT017,4067.72
FDC23,OUT013,2961.94
FDY46,OUT013,3097.28
NCU06,OUT046,3764.65
FDX57,OUT045,1617.46
FDX36,OUT027,5759.25
FDL16,OUT045,744.1
FDT16,OUT010,582.98
FDN16,OUT018,1352.05
FDC03,OUT046,3184.93
DRF60,OUT013,4077.63
FDS27,OUT027,5377.26
FDP33,OUT010,585.5
FDJ36,OUT018,1342.15
NCR42,OUT013,626.66
FDV14,OUT017,1359.33
NCP42,OUT035,3210.47
FDB50,OUT027,2251.27
NCC30,OUT027,5070.15
FDA23,OUT018,1355.25
FDW16,OUT017,1380.62
FDQ52,OUT010,574.2
FDB58,OUT049,2300.9
NCP29,OUT049,1051.98
NCM05,OUT045,4255.96
FDO25,OUT013,3533.3
NCM54,OUT046,2116.73
NCL54,OUT046,2901.86
FDL39,OUT010,464.69
FDF53,OUT018,2689.63
NCQ42,OUT035,2113.5
FDF58,OUT013,948.58
FDZ04,OUT035,1045.14
FDE26,OUT019,311.18
FDS60,OUT017,2833.94
FDV58,OUT017,3032.49
FDM04,OUT045,777.36
FDE08,OUT035,2510.68
NCB43,OUT049,3105.01
FDU11,OUT010,273.34
FDF22,OUT019,541.63
FDE24,OUT013,2137.58
DRJ49,OUT046,2120.36
NCQ53,OUT035,4123.73
NCL41,OUT013,627.0
FDR22,OUT013,1755.26
FDH04,OUT035,1445.31
DRH15,OUT045,693.71
FDY40,OUT049,744.1
NCI17,OUT035,1620.46
NCC18,OUT013,2838.35
FDY28,OUT027,5422.72
FDB45,OUT027,2588.38
NCL30,OUT018,1810.09
FDM10,OUT017,3557.34
FDH22,OUT027,3307.66
NCZ53,OUT017,3197.17
NCI18,OUT013,3783.95
FDH14,OUT027,3507.72
FDR36,OUT027,1049.36
FDW01,OUT045,2511.79
FDK02,OUT027,3057.25
FDJ02,OUT018,2156.26
FDU55,OUT013,4423.9
NCV18,OUT027,2441.45
FDH14,OUT018,1827.59
FDZ37,OUT045,1382.48
FDX49,OUT049,3748.39
NCD43,OUT046,1674.84
FDZ07,OUT013,942.65
FDK43,OUT035,2109.68
FDR32,OUT018,3297.32
FDT39,OUT013,2469.52
NCV54,OUT017,2084.03
FDF38,OUT018,513.89
FDV60,OUT046,3070.67
FDH44,OUT027,3936.18
FDS21,OUT046,932.16
NCL41,OUT045,630.88
FDM46,OUT017,1493.71
FDU27,OUT045,747.75
NCJ54,OUT017,3937.72
DRG51,OUT018,2439.67
NCA29,OUT019,406.9
FDR47,OUT045,3064.95
NCL19,OUT027,3480.36
DRG01,OUT049,1182.79
FDG10,OUT046,869.47
NCV05,OUT049,2505.92
NCH18,OUT019,557.67
FDV14,OUT018,1258.94
DRJ23,OUT035,3112.15
DRJ11,OUT046,3178.51
FDZ03,OUT017,3203.62
FDI27,OUT010,106.17
FDJ14,OUT018,1171.38
FDU32,OUT017,2099.25
FDD47,OUT027,4083.04
DRF36,OUT035,3194.69
FDM21,OUT046,4218.43
FDV10,OUT018,521.14
FDH60,OUT018,2801.59
FDX47,OUT010,365.92
FDT19,OUT019,423.26
FDO11,OUT045,4215.11
FDH24,OUT027,4225.43
FDL02,OUT018,1342.15
FDB02,OUT049,2917.33
FDA43,OUT046,3154.42
FDG52,OUT045,744.1
DRC12,OUT013,3096.86
FDY37,OUT018,1827.59
NCU18,OUT045,2105.9
FDU09,OUT035,869.24
DRJ25,OUT027,1330.31
DRE12,OUT018,1632.75
DRL47,OUT017,2116.63
DRK01,OUT046,1558.41
FDC22,OUT019,497.77
FDG44,OUT013,827.54
FDW04,OUT035,2099.35
FDK09,OUT049,3723.26
NCN43,OUT035,2112.06
FDG04,OUT049,3208.11
FDH32,OUT010,232.45
DRI47,OUT017,2543.96
DRE15,OUT013,1139.78
FDY11,OUT035,1056.02
FDO60,OUT049,695.39
FDQ20,OUT018,519.7
FDO57,OUT027,4124.71
FDT14,OUT019,278.61
FDA57,OUT049,656.08
DRN35,OUT017,642.58
FDJ03,OUT046,760.34
FDX28,OUT017,1655.9
DRE25,OUT045,1399.86
FDR09,OUT046,4118.59
FDB23,OUT035,3985.96
FDO08,OUT045,2705.94
FDQ23,OUT049,1659.82
FDW04,OUT013,2104.84
DRK13,OUT010,556.89
NCL17,OUT027,3403.4
FDY21,OUT035,3161.78
FDJ38,OUT027,4949.68
FDA37,OUT019,301.63
FDV43,OUT013,697.9
FDL36,OUT046,1419.51
FDD53,OUT045,660.46
FDZ19,OUT010,427.24
FDV21,OUT045,2109.69
NCL54,OUT018,2618.07
DRI47,OUT027,3852.88
DRG03,OUT049,2539.84
FDG21,OUT013,2499.3
FDW03,OUT018,1375.94
NCI55,OUT046,2138.6
DRC36,OUT019,427.59
FDH22,OUT017,2118.66
FDV20,OUT045,2090.32
NCU41,OUT027,4901.36
FDN46,OUT027,2678.44
FDK50,OUT045,2662.45
NCA05,OUT027,3859.59
DRH01,OUT018,2677.48
FDT08,OUT018,2131.22
FDM08,OUT018,3123.68
FDZ07,OUT035,940.46
FDS22,OUT017,742.8
FDV35,OUT027,4079.95
FDI28,OUT010,230.49
FDW58,OUT027,2611.13
FDT52,OUT045,4080.34
FDY34,OUT046,2749.28
FDR10,OUT046,2690.04
FDK57,OUT017,2081.98
FDR02,OUT027,2634.45
FDX49,OUT046,3691.67
FDQ20,OUT046,667.77
DRK23,OUT045,4186.43
NCW06,OUT046,3160.25
FDR31,OUT017,2451.4
NCE43,OUT013,2900.04
DRO59,OUT027,2179.92
FDN09,OUT049,4109.49
FDR11,OUT046,2644.6
FDO57,OUT013,2594.14
NCX18,OUT017,3189.42
FDB05,OUT018,3469.08
FDQ08,OUT018,764.46
NCG43,OUT035,1496.9
FDJ56,OUT013,1659.81
FDA13,OUT010,103.69
FDO56,OUT017,1978.13
FDB37,OUT018,3194.92
FDZ02,OUT018,1356.29
FDQ24,OUT046,4057.05
FDM16,OUT013,1117.64
FDU35,OUT049,1652.88
FDT35,OUT035,2787.49
NCX30,OUT049,4126.52
FDG04,OUT017,3192.33
FDI12,OUT035,1375.83
FDE35,OUT035,929.03
NCP14,OUT027,2689.26
NCY53,OUT045,1737.5
FDP49,OUT017,870.41
FDQ04,OUT017,692.04
FDM39,OUT035,2981.03
FDO58,OUT019,374.35
FDC56,OUT017,2065.81
NCQ54,OUT046,2928.85
FDV10,OUT027,996.59
NCK17,OUT046,661.16
NCF55,OUT027,982.56
FDV33,OUT013,4371.12
NCH29,OUT019,236.88
FDA37,OUT027,3410.02
FDH46,OUT018,1371.97
FDS25,OUT035,1752.12
FDH04,OUT027,2484.3
FDX52,OUT046,3179.73
NCD42,OUT017,637.65
FDW47,OUT017,2106.1
FDL25,OUT027,2624.35
NCJ06,OUT010,275.58
FDY09,OUT013,2909.89
FDS40,OUT046,636.93
FDH41,OUT017,3493.94
FDG38,OUT035,1375.31
FDU03,OUT027,4994.94
FDV20,OUT046,2119.23
DRB13,OUT045,3158.0
NCQ30,OUT013,2081.89
NCH06,OUT013,4008.96
FDU50,OUT018,1632.75
NCO42,OUT019,355.5
FDW09,OUT018,1154.0
FDH04,OUT013,1413.14
FDC21,OUT045,1699.03
FDL21,OUT049,661.42
FDM46,OUT010,234.2
FDT22,OUT019,162.96
FDB28,OUT035,3186.95
FDI12,OUT018,1274.65
FDA28,OUT045,2084.79
FDF59,OUT013,2106.12
FDM45,OUT027,3265.32
FDQ56,OUT017,1374.72
FDR46,OUT049,2528.43
FDT01,OUT013,3537.62
FDD16,OUT027,1931.78
NCU30,OUT010,394.39
FDM40,OUT010,339.13
FDI56,OUT035,1471.02
NCS30,OUT013,2090.68
FDU08,OUT017,1637.89
FDX51,OUT027,5313.62
FDA43,OUT045,3106.64
FDX59,OUT010,103.69
FDC37,OUT018,1342.15
FDP58,OUT013,3465.55
NCY42,OUT035,2131.77
FDF21,OUT018,2715.92
FDU10,OUT027,976.78
DRL47,OUT018,1753.71
FDA58,OUT018,3462.28
FDJ22,OUT049,3119.54
FDK50,OUT046,2604.11
FDO38,OUT035,1283.54
DRF60,OUT035,4056.79
NCZ42,OUT019,591.86
FDD35,OUT049,2033.58
FDL25,OUT045,1459.8
FDJ16,OUT013,859.75
DRK59,OUT049,3949.67
FDI50,OUT046,3909.27
NCB19,OUT045,1405.22
DRI37,OUT035,922.22
FDA14,OUT027,3802.53
FDC08,OUT018,3411.58
FDS45,OUT046,1700.86
FDI21,OUT049,1035.79
DRJ47,OUT035,2870.31
DRE37,OUT027,5567.6
FDT55,OUT018,2361.9
NCG42,OUT027,3399.31
FDA31,OUT049,2877.68
NCW42,OUT046,3573.86
FDF50,OUT017,3176.8
FDK56,OUT049,3173.99
FDX10,OUT035,645.7
NCK07,OUT027,4017.95
FDZ49,OUT017,3673.32
FDR33,OUT013,1714.38
FDO44,OUT018,1434.37
FDA20,OUT046,3179.95
NCL30,OUT045,2089.79
FDI05,OUT019,186.49
FDQ12,OUT018,3120.01
FDH47,OUT017,1558.8
FDH34,OUT018,2724.46
FDF29,OUT046,2139.24
FDG40,OUT018,513.89
NCE18,OUT017,4186.38
FDP21,OUT010,510.21
FDY50,OUT013,1415.92
FDB36,OUT049,2093.07
NCZ29,OUT049,2116.5
FDU20,OUT018,1704.52
FDO56,OUT013,1993.48
FDW31,OUT049,3139.67
DRH59,OUT013,1155.28
NCB30,OUT017,3155.43
FDK43,OUT027,3428.54
FDW43,OUT045,3979.98
NCL19,OUT017,2158.54
FDJ27,OUT046,1641.13
FDC45,OUT046,2829.9
FDY40,OUT035,772.01
NCM41,OUT035,1420.17
NCK18,OUT019,438.26
FDP37,OUT049,2160.44
FDA27,OUT027,6235.11
NCX30,OUT035,4129.25
FDR09,OUT017,4051.45
FDG08,OUT027,4986.41
NCU30,OUT013,2650.61
FDB16,OUT017,1373.45
FDM16,OUT017,1126.89
FDC48,OUT013,1316.33
NCF18,OUT046,3105.89
FDU46,OUT018,1269.04
FDH41,OUT018,3151.25
NCN42,OUT010,371.84
FDU49,OUT046,1365.26
FDB20,OUT027,2205.96
FDG50,OUT019,223.77
FDW20,OUT045,2097.62
NCO55,OUT049,1716.64
FDX48,OUT046,2522.9
FDU48,OUT046,2126.84
FDR48,OUT019,352.14
FDK27,OUT013,2115.72
FDT35,OUT013,2702.19
FDN12,OUT049,1723.03
NCE31,OUT019,98.07
FDL21,OUT017,669.08
FDV56,OUT017,1705.25
FDR16,OUT017,3533.1
NCP41,OUT049,1723.7
FDJ27,OUT013,1667.96
FDA07,OUT017,2085.2
FDK55,OUT049,1366.49
FDM33,OUT049,3601.12
FDY46,OUT046,3098.47
FDD36,OUT046,2011.97
FDB12,OUT027,2714.7
FDF28,OUT019,301.49
NCE07,OUT019,315.14
FDW50,OUT027,4146.96
NCW18,OUT017,3989.93
NCJ17,OUT019,229.55
DRZ24,OUT010,273.34
FDS07,OUT035,1985.38
NCW05,OUT010,253.39
FDZ22,OUT018,1193.62
FDK02,OUT046,2026.16
FDZ45,OUT027,5677.57
FDL25,OUT046,1404.3
FDS08,OUT045,2842.9
NCZ42,OUT027,6482.6
FDX57,OUT035,1589.59
FDF21,OUT046,3162.4
FDJ56,OUT018,1341.91
FDX10,OUT013,645.7
DRG48,OUT035,2504.5
DRN37,OUT046,2857.35
NCY41,OUT018,513.89
FDN28,OUT045,1693.88
FDE34,OUT045,3022.39
FDR10,OUT045,2744.23
FDC32,OUT017,1447.93
DRG13,OUT046,2695.36
FDP59,OUT049,1671.52
NCT53,OUT010,403.43
FDL57,OUT027,6308.33
FDN32,OUT010,502.96
FDK09,OUT018,3317.28
FDA52,OUT010,430.52
FDC57,OUT049,3106.94
FDI09,OUT035,3845.01
NCB07,OUT046,3061.54
FDP26,OUT035,1665.04
FDP40,OUT027,3111.43
FDL15,OUT013,2499.91
FDV07,OUT046,1745.36
FDS03,OUT017,1067.89
FDE50,OUT049,3145.17
FDQ15,OUT017,1286.08
FDQ33,OUT010,352.48
FDT22,OUT013,861.14
DRO35,OUT035,1992.39
FDJ41,OUT049,4338.0
FDQ27,OUT035,1699.63
FDC26,OUT017,1796.17
NCF43,OUT027,3530.61
NCR50,OUT035,2549.36
FDE39,OUT018,1734.35
FDN49,OUT027,958.47
DRG11,OUT035,1708.77
NCA18,OUT049,1972.42
FDM36,OUT018,2633.71
FDW32,OUT017,1359.44
NCQ18,OUT010,238.67
FDX14,OUT027,2041.75
FDD46,OUT017,2441.54
FDI34,OUT019,573.44
NCJ17,OUT035,1378.94
FDB52,OUT035,4156.19
FDV55,OUT018,2086.64
FDC57,OUT046,3077.98
FDB29,OUT046,2002.95
NCO43,OUT035,1667.06
FDG44,OUT045,829.66
FDJ34,OUT045,2071.88
FDH40,OUT049,1332.11
NCD07,OUT027,3122.23
FDB41,OUT017,739.92
FDH47,OUT018,1319.68
DRK37,OUT035,3188.43
FDM25,OUT019,427.6
NCX06,OUT045,3256.41
NCS05,OUT017,2126.98
FDS39,OUT045,2101.16
FDC47,OUT027,6174.03
FDG20,OUT013,2881.48
DRL23,OUT017,1697.4
FDY33,OUT013,2620.16
NCH18,OUT045,4063.94
FDX47,OUT035,2468.5
NCB06,OUT045,2634.83
FDP36,OUT049,753.66
FDW44,OUT018,2701.16
NCU41,OUT018,2725.52
NCS17,OUT046,1558.05
FDD46,OUT035,2463.23
FDE45,OUT017,2914.64
FDI09,OUT017,3824.29
NCJ54,OUT010,578.66
NCA29,OUT018,2673.84
NCN41,OUT027,3320.97
FDY34,OUT035,2768.88
NCG55,OUT035,1992.8
DRM49,OUT046,706.05
NCB42,OUT049,2002.32
FDE58,OUT045,1981.88
DRJ25,OUT013,765.21
FDS47,OUT010,234.85
FDY21,OUT049,3146.64
NCI54,OUT013,1749.45
FDO24,OUT017,2595.77
FDY43,OUT035,2874.05
FDF35,OUT018,1342.15
NCP29,OUT019,169.68
FDN28,OUT027,2554.95
FDJ50,OUT018,696.48
FDQ14,OUT027,3633.06
FDC37,OUT035,1700.69
FDN08,OUT046,2006.96
FDD04,OUT035,2140.94
FDW34,OUT018,3201.25
FDP04,OUT017,1010.51
NCG07,OUT017,3180.15
NCN14,OUT018,2713.12
FDJ16,OUT045,870.63
NCM42,OUT045,1732.57
NCF19,OUT046,752.15
FDY21,OUT018,3260.84
FDY19,OUT035,1994.11
FDV09,OUT045,2519.51
FDA28,OUT013,2119.03
FDC38,OUT018,1830.79
FDL28,OUT045,3942.78
NCH43,OUT049,3505.39
NCN53,OUT045,634.8
NCW05,OUT017,1694.47
NCO30,OUT018,2703.03
FDT04,OUT019,98.07
FDB27,OUT018,3061.88
NCK07,OUT013,2846.29
NCA53,OUT013,749.14
FDB33,OUT018,2346.39
FDU37,OUT017,1316.86
FDR13,OUT035,1975.96
FDE45,OUT049,2925.33
FDV37,OUT017,3176.13
FDX44,OUT019,225.52
NCL06,OUT017,4305.32
FDJ28,OUT045,3160.14
FDX55,OUT049,3517.72
NCK17,OUT018,516.64
FDH52,OUT035,969.71
FDN13,OUT027,2701.46
FDK44,OUT018,2640.76
FDU16,OUT046,1310.5
FDZ07,OUT017,929.81
NCN06,OUT027,3939.86
FDH02,OUT010,233.28
NCW18,OUT045,3937.72
FDH57,OUT013,2111.85
FDV35,OUT045,2517.07
NCU29,OUT013,2506.99
NCP02,OUT046,869.47
FDN44,OUT013,2700.07
FDX03,OUT018,515.34
FDR11,OUT010,378.79
FDA36,OUT046,3225.81
FDP58,OUT027,5554.75
FDH31,OUT045,1606.63
FDH34,OUT035,3191.34
FDS13,OUT035,3943.8
FDT01,OUT018,3257.2
FDY09,OUT049,2919.2
FDV33,OUT027,6323.64
NCW29,OUT010,300.16
NCN17,OUT045,1645.01
FDX01,OUT046,1998.76
FDL03,OUT049,3125.52
DRL59,OUT049,857.18
DRM11,OUT027,6095.19
FDA43,OUT049,3172.75
FDZ56,OUT010,414.26
FDI44,OUT018,1129.37
FDB50,OUT013,1303.72
FDU15,OUT019,98.07
NCJ19,OUT019,160.51
FDD48,OUT013,1989.67
NCW42,OUT035,3675.06
FDL24,OUT017,2926.15
NCB30,OUT013,3145.18
FDK25,OUT013,2872.3
FDW28,OUT049,3122.53
FDD47,OUT017,2882.22
FDK16,OUT019,232.21
FDW37,OUT046,1428.28
FDA48,OUT035,3610.51
FDA14,OUT017,2505.84
FDV15,OUT013,1668.27
FDN22,OUT049,3918.8
NCD55,OUT045,673.31
FDY43,OUT013,2870.34
NCU05,OUT017,1325.58
FDF10,OUT035,2515.13
FDR39,OUT018,2682.17
FDG40,OUT013,623.68
FDZ28,OUT019,304.2
FDE02,OUT045,1502.0
FDU60,OUT049,2786.12
FDM21,OUT013,4166.14
FDV52,OUT019,270.48
NCW06,OUT013,3154.21
FDX36,OUT035,3748.01
FDT35,OUT027,4230.3
NCL19,OUT010,306.81
NCD31,OUT046,2763.8
FDE53,OUT019,254.34
FDW58,OUT019,242.51
DRF48,OUT046,3183.36
FDW57,OUT035,2896.53
DRH13,OUT017,1701.46
FDT33,OUT013,2879.41
DRK47,OUT027,5832.43
FDY22,OUT010,311.42
FDC35,OUT019,526.9
FDO03,OUT013,3932.87
FDF24,OUT045,1298.25
FDF56,OUT018,2762.93
FDD28,OUT013,858.6
FDG53,OUT027,3512.37
FDO27,OUT019,235.84
NCF54,OUT018,2572.2
FDC20,OUT027,1782.75
FDU10,OUT046,660.61
DRA24,OUT018,2400.59
FDA02,OUT010,345.03
FDG10,OUT017,869.25
FDW39,OUT010,457.64
FDP04,OUT019,168.87
NCM55,OUT013,3171.43
FDG47,OUT045,4321.67
NCU41,OUT017,3107.57
NCK31,OUT017,784.06
FDZ46,OUT045,1716.14
FDU13,OUT027,3624.44
NCF19,OUT045,752.15
NCJ43,OUT013,2903.77
NCJ05,OUT045,2506.14
FDS04,OUT027,3392.89
FDX28,OUT010,236.95
FDB41,OUT027,1038.63
FDG53,OUT046,2115.13
FDL15,OUT010,346.73
FDQ08,OUT049,924.43
DRN36,OUT013,1589.98
FDI46,OUT013,4152.52
FDG16,OUT027,5815.14
FDV32,OUT013,969.46
FDF44,OUT010,297.93
FDK04,OUT018,731.33
NCA41,OUT013,3140.79
FDD51,OUT017,689.39
NCZ53,OUT045,3150.81
FDP01,OUT027,3902.73
FDY25,OUT049,3080.16
FDB17,OUT018,2738.59
NCV54,OUT018,1717.62
FDJ32,OUT017,997.74
FDA37,OUT049,2087.84
FDG35,OUT035,2829.81
NCM05,OUT018,3429.57
FDG45,OUT046,3482.0
FDH28,OUT013,656.0
NCE18,OUT049,4192.88
FDH38,OUT045,1976.36
FDR56,OUT013,3116.95
FDH17,OUT027,2534.51
FDD39,OUT049,3518.08
FDB41,OUT049,740.93
NCR53,OUT046,3608.89
FDX46,OUT017,871.79
FDV28,OUT049,627.91
FDA08,OUT018,2386.7
FDH45,OUT017,683.89
NCS38,OUT010,266.23
FDD40,OUT010,533.03
DRM59,OUT035,2485.23
NCJ43,OUT018,2714.4
NCN29,OUT013,750.29
NCC19,OUT045,3152.07
FDR56,OUT035,3152.96
FDZ43,OUT049,4116.82
FDJ32,OUT010,166.54
DRH03,OUT017,1418.41
NCZ54,OUT035,2731.49
FDE26,OUT017,2515.2
FDS03,OUT045,1061.5
DRZ24,OUT019,279.36
FDO48,OUT027,5798.35
FDW39,OUT049,2883.53
NCK05,OUT049,946.25
NCK30,OUT017,4101.09
FDT27,OUT018,3284.38
FDS08,OUT019,424.38
NCJ19,OUT049,858.33
FDC58,OUT045,689.96
DRE37,OUT013,3169.91
FDW02,OUT035,2081.55
FDJ02,OUT010,363.54
FDX09,OUT045,2913.05
FDT31,OUT010,511.17
FDI24,OUT049,2941.13
FDY09,OUT045,2881.92
FDV28,OUT045,624.03
DRM47,OUT049,3199.7
FDT52,OUT019,562.85
FDI48,OUT018,706.0
FDY55,OUT017,4098.07
FDU48,OUT013,2133.98
FDN25,OUT045,869.24
FDP20,OUT049,2116.94
FDJ15,OUT013,3228.54
FDD04,OUT018,1830.79
FDY58,OUT045,3929.41
FDR37,OUT018,2669.18
FDF44,OUT013,2110.6
FDD32,OUT045,1309.02
FDR57,OUT017,2470.5
DRG39,OUT027,1753.16
FDX15,OUT017,2612.62
DRN37,OUT045,2696.83
FDW40,OUT027,3345.04
FDB32,OUT049,1483.29
FDM40,OUT018,1868.3
FDE39,OUT027,3144.26
DRH49,OUT017,1299.46
FDT46,OUT049,752.72
NCF06,OUT035,4100.36
FDP07,OUT017,3083.92
FDC04,OUT013,4072.33
FDZ32,OUT017,1671.58
FDD50,OUT045,2813.45
FDU56,OUT017,3120.16
FDV34,OUT017,1051.0
NCY41,OUT013,636.01
NCK18,OUT046,2761.94
DRH25,OUT049,796.07
FDT57,OUT046,4060.22
FDV56,OUT018,1342.15
FDV12,OUT045,1587.39
FDN52,OUT017,1378.78
FDX38,OUT035,749.1
FDE47,OUT018,1756.1
NCO07,OUT013,3610.91
FDV09,OUT027,3840.65
FDZ23,OUT019,486.19
DRH51,OUT018,1267.29
NCY54,OUT045,2887.8
DRG49,OUT013,4176.09
NCC19,OUT049,3215.69
NCV53,OUT045,4203.44
FDZ47,OUT019,241.02
NCO26,OUT018,1635.47
NCP02,OUT045,958.15
NCW30,OUT018,3271.74
NCN55,OUT046,4010.63
FDB20,OUT010,212.94
DRL11,OUT013,2555.35
DRD60,OUT045,3263.71
FDW14,OUT010,233.67
FDL27,OUT010,178.36
FDU09,OUT018,729.74
DRH36,OUT027,1939.33
FDP34,OUT027,4002.25
FDE04,OUT017,2920.73
FDZ57,OUT027,3480.94
FDF02,OUT010,239.05
FDG28,OUT045,4098.73
NCI31,OUT046,621.65
FDT43,OUT013,774.07
FDU20,OUT046,2138.4
FDD53,OUT013,686.55
FDW15,OUT045,2510.7
NCT53,OUT045,2621.95
NCG55,OUT027,3105.98
FDD48,OUT035,1951.0
FDG47,OUT049,4347.79
FDI21,OUT017,1051.7
FDT27,OUT017,4036.03
DRO35,OUT013,2000.61
FDD33,OUT017,3801.8
FDC04,OUT035,4081.18
FDY34,OUT013,2756.35
DRJ49,OUT049,2109.21
FDE05,OUT049,2537.43
FDU31,OUT017,3622.9
NCN19,OUT027,5422.51
FDK56,OUT027,5376.38
FDK58,OUT017,1670.36
NCJ42,OUT035,1666.28
FDZ34,OUT027,5258.67
FDA52,OUT018,2757.18
NCR29,OUT013,858.6
FDT48,OUT035,3282.0
DRJ51,OUT019,568.53
NCS54,OUT046,2997.66
FDV01,OUT035,2514.86
DRG51,OUT027,4067.96
NCG42,OUT013,2142.31
FDA51,OUT049,2005.13
FDV19,OUT010,383.04
NCT18,OUT045,3291.74
NCS41,OUT045,3158.61
FDO03,OUT046,3851.53
FDL12,OUT010,165.97
FDY37,OUT010,340.22
FDI58,OUT049,1437.38
FDT28,OUT018,2089.59
NCC42,OUT010,303.01
FDO01,OUT017,2145.91
FDJ02,OUT013,2513.94
FDQ04,OUT018,519.7
DRL47,OUT013,2121.29
FDZ32,OUT035,1702.23
FDC35,OUT035,3540.74
FDX14,OUT045,1102.8
FDZ35,OUT013,1673.71
FDL14,OUT013,2477.27
FDO04,OUT049,857.18
DRK11,OUT017,2472.26
FDB44,OUT018,3013.5
FDZ50,OUT049,3233.8
FDI12,OUT027,2574.61
FDU43,OUT017,4041.46
FDD58,OUT010,232.98
FDB27,OUT017,3202.04
FDB04,OUT018,1261.34
NCO17,OUT013,2011.8
FDL12,OUT017,866.97
DRJ13,OUT049,2660.86
FDD57,OUT045,1583.36
FDW19,OUT035,1737.57
DRD27,OUT018,1342.15
FDH27,OUT027,3674.34
NCW30,OUT027,6332.2
FDR40,OUT018,1159.57
FDG05,OUT013,2550.73
NCY41,OUT019,98.07
FDI38,OUT018,2957.27
FDR20,OUT046,682.84
FDE09,OUT017,1719.38
FDN50,OUT019,235.67
DRF27,OUT045,2493.82
DRF51,OUT013,636.63
NCO02,OUT019,171.81
FDB51,OUT027,1809.29
FDJ50,OUT013,826.39
FDN52,OUT013,1375.41
FDX14,OUT013,1290.11
FDT27,OUT019,571.58
FDV10,OUT013,674.77
FDU33,OUT046,704.49
FDU58,OUT046,3200.48
NCP42,OUT027,5342.26
FDL51,OUT027,5072.65
DRH15,OUT027,1052.74
FDU16,OUT017,1363.11
FDW15,OUT017,2510.7
FDQ44,OUT045,2081.44
NCI06,OUT027,5285.85
DRK23,OUT019,546.63
FDC28,OUT035,1715.83
NCY17,OUT019,98.07
NCV05,OUT018,2278.33
FDM34,OUT019,307.45
DRD60,OUT027,5417.48
FDT38,OUT046,1352.19
FDQ57,OUT018,2209.98
FDE59,OUT027,962.3
NCM43,OUT046,2734.74
DRI51,OUT049,2895.62
NCG30,OUT017,2123.6
NCK54,OUT035,1961.58
FDQ16,OUT019,255.42
FDI36,OUT013,3147.17
FDX16,OUT027,3807.78
FDA34,OUT046,2966.09
FDJ48,OUT018,3313.29
FDU47,OUT035,2120.34
FDS39,OUT046,2134.08
FDD11,OUT046,4032.88
FDM16,OUT027,1914.44
FDU56,OUT018,2730.81
FDQ32,OUT017,2124.67
DRK35,OUT013,667.07
FDA58,OUT049,3793.63
DRG48,OUT019,374.98
FDT59,OUT010,610.87
FDQ31,OUT019,224.16
FDS51,OUT018,807.72
FDW32,OUT027,2442.64
FDI15,OUT027,6288.85
NCV30,OUT017,953.78
DRG25,OUT049,3223.0
FDT02,OUT013,625.94
FDO33,OUT027,3029.75
FDP38,OUT035,775.12
FDZ45,OUT035,3141.33
NCA54,OUT027,5211.54
FDU33,OUT017,743.4
FDN58,OUT017,4003.26
FDI05,OUT045,1196.6
FDM57,OUT019,223.33
NCS42,OUT027,2493.58
FDB57,OUT045,3684.9
FDC03,OUT045,3142.78
FDZ58,OUT013,2122.34
NCK29,OUT045,2082.88
NCR53,OUT045,3655.2
FDE26,OUT027,3629.03
FDU52,OUT049,2458.05
FDE41,OUT027,2300.8
FDU38,OUT018,2737.77
FDA52,OUT017,2869.75
FDW46,OUT046,1046.24
DRI59,OUT035,3850.37
FDT38,OUT035,1354.32
FDL33,OUT018,3243.71
FDQ01,OUT027,6195.6
FDJ08,OUT046,3160.02
FDQ47,OUT049,644.88
NCZ18,OUT013,4057.67
FDE29,OUT017,950.05
FDF10,OUT027,3861.46
FDC48,OUT049,1325.46
FDY58,OUT013,3959.41
NCX30,OUT010,605.64
FDV11,OUT013,2920.7
FDT46,OUT046,749.03
DRD01,OUT019,160.03
FDQ11,OUT013,4102.94
NCM41,OUT017,1439.45
NCC55,OUT013,638.27
FDG45,OUT027,5466.29
NCQ54,OUT049,2950.51
FDM34,OUT045,2112.43
FDD17,OUT019,556.17
FDN38,OUT027,6162.65
FDB53,OUT018,2092.32
NCL06,OUT035,4310.18
NCV18,OUT019,222.91
FDX25,OUT013,3268.37
FDB39,OUT046,868.09
FDC33,OUT049,3155.31
NCO14,OUT018,521.14
FDA58,OUT027,6288.89
NCQ02,OUT017,3199.57
NCR53,OUT017,3743.33
FDN52,OUT046,1376.04
FDG26,OUT046,4057.18
FDE23,OUT027,1206.21
DRI37,OUT013,883.03
DRH37,OUT018,2405.8
FDO01,OUT035,2134.66
FDK45,OUT049,1939.46
FDP23,OUT049,3527.71
FDM33,OUT035,3569.51
FDD36,OUT017,2105.09
FDL56,OUT017,1372.6
FDT27,OUT010,589.83
FDG52,OUT017,697.9
NCL42,OUT035,4083.75
DRJ24,OUT046,3187.81
FDV38,OUT046,828.11
FDT35,OUT045,2779.09
FDY51,OUT045,3426.12
FDC37,OUT017,1675.95
NCP43,OUT013,3014.63
FDO33,OUT045,1755.44
FDW04,OUT018,1848.88
NCC31,OUT046,2490.47
FDK22,OUT049,3569.09
FDJ50,OUT017,869.25
FDV13,OUT017,1373.69
DRL60,OUT017,2472.63
FDW03,OUT017,1697.89
FDY27,OUT035,2927.12
FDB39,OUT027,1760.7
FDU59,OUT045,2612.06
FDZ57,OUT049,2099.23
FDO21,OUT049,3925.88
FDS43,OUT018,2761.05
FDU28,OUT010,500.8
FDC51,OUT010,272.43
FDW16,OUT010,232.83
FDP32,OUT010,295.2
FDB60,OUT019,509.61
NCQ30,OUT046,2076.55
FDD26,OUT049,3216.02
FDI44,OUT045,1289.97
DRH23,OUT046,869.24
FDO44,OUT046,1738.86
FDG04,OUT046,3188.13
FDM32,OUT027,2536.76
FDM09,OUT013,2887.09
FDZ47,OUT013,1632.86
FDM40,OUT027,3423.7
FDY48,OUT017,1661.28
NCM30,OUT045,682.12
FDX36,OUT010,580.35
DRF03,OUT017,654.62
FDN51,OUT049,4340.13
FDM57,OUT049,1338.73
FDB35,OUT049,1477.93
FDY13,OUT027,2193.19
FDA37,OUT017,2090.8
NCX53,OUT017,2155.16
FDD59,OUT018,1156.34
FDX10,OUT019,98.4
FDC03,OUT018,2798.14
FDW43,OUT035,3975.37
FDW10,OUT046,2738.89
FDY14,OUT027,6111.82
FDV43,OUT045,721.63
FDO40,OUT013,2505.07
FDP46,OUT027,2521.22
NCE43,OUT019,393.17
FDD05,OUT035,2127.94
FDJ60,OUT010,390.59
DRE27,OUT018,1330.62
FDO11,OUT035,4245.26
DRG11,OUT027,2656.06
FDK33,OUT010,600.16
DRM23,OUT045,2849.74
FDJ02,OUT027,3931.9
NCZ05,OUT045,1670.26
NCL30,OUT013,2125.84
FDZ19,OUT018,2696.29
FDM45,OUT049,2078.27
FDO36,OUT046,2874.92
NCK31,OUT045,768.13
DRJ37,OUT045,2513.94
FDP24,OUT018,1707.7
FDF46,OUT013,1979.53
FDX46,OUT019,161.19
NCL18,OUT045,3047.88
FDJ26,OUT013,3518.62
FDJ07,OUT045,1968.12
FDY15,OUT013,2501.13
DRG01,OUT045,1141.66
FDF58,OUT045,1031.07
FDZ14,OUT019,277.5
FDP31,OUT049,1007.78
FDH45,OUT013,684.56
FDA09,OUT010,428.61
FDW31,OUT035,3155.3
FDA57,OUT046,669.43
NCE55,OUT035,2917.0
FDC17,OUT019,587.4
FDC59,OUT013,996.87
FDA22,OUT013,2862.37
FDK52,OUT035,3760.74
NCM26,OUT046,2503.46
NCT53,OUT035,2807.65
FDW45,OUT018,2172.53
NCI18,OUT035,3813.34
FDE38,OUT018,2450.01
FDF08,OUT019,225.28
FDY58,OUT010,601.67
FDF58,OUT019,168.87
FDX39,OUT017,3671.3
FDB44,OUT049,3627.33
FDF28,OUT013,2119.03
FDE39,OUT013,1981.34
FDT37,OUT018,3253.63
FDZ45,OUT017,3163.01
FDO40,OUT035,2519.7
FDM57,OUT027,2377.71
DRG36,OUT017,2912.01
FDY36,OUT010,178.51
DRL60,OUT027,3675.22
FDS25,OUT019,253.34
DRF49,OUT027,2976.56
FDP16,OUT045,4079.83
FDS60,OUT049,2932.52
FDU15,OUT027,961.48
FDK43,OUT046,2111.86
FDN25,OUT046,870.63
FDE53,OUT049,1676.18
FDB22,OUT013,2478.97
FDE39,OUT017,2065.21
FDX35,OUT035,3829.89
NCG54,OUT049,2904.27
FDH27,OUT035,2470.94
NCK42,OUT013,3503.68
FDS25,OUT049,1723.08
FDI10,OUT018,2612.63
FDU35,OUT035,1651.07
FDI04,OUT017,3174.96
DRK23,OUT035,4216.53
FDB53,OUT019,350.06
FDY02,OUT049,4088.82
FDM60,OUT035,659.79
NCJ31,OUT010,574.12
DRP35,OUT017,2133.57
NCQ30,OUT018,1772.82
DRL11,OUT010,376.41
FDU01,OUT013,3099.43
FDR39,OUT035,2929.9
FDO08,OUT046,2701.83
FDC02,OUT045,4308.6
NCZ29,OUT035,2116.6
FDF29,OUT010,299.24
FDZ23,OUT017,3117.59
NCU53,OUT018,2459.47
NCW30,OUT013,4176.15
NCM26,OUT027,4128.39
FDV50,OUT027,3206.53
FDW15,OUT049,2508.74
FDI35,OUT027,5408.19
FDO11,OUT017,4200.25
FDN48,OUT046,1447.23
NCA17,OUT049,2473.02
NCN54,OUT013,1252.02
FDP22,OUT013,748.66
NCB54,OUT035,2090.73
FDD08,OUT045,645.22
DRM48,OUT010,103.69
FDG41,OUT027,2985.06
FDE44,OUT027,1317.25
FDE26,OUT035,2534.84
NCS38,OUT013,1919.29
NCJ54,OUT018,3236.71
FDI40,OUT019,241.9
FDN45,OUT018,3374.13
FDU43,OUT046,4009.42
FDI04,OUT010,514.73
NCC07,OUT018,1342.15
NCC07,OUT019,243.66
NCD18,OUT045,3866.02
FDU55,OUT035,4337.4
FDX59,OUT035,626.29
FDR52,OUT049,3197.58
NCP17,OUT013,983.15
FDQ32,OUT045,2095.09
NCT17,OUT049,3194.01
FDO10,OUT049,863.38
FDE32,OUT049,633.19
FDN44,OUT045,2661.4
FDH02,OUT035,1389.77
FDK60,OUT013,1640.74
FDS24,OUT019,228.95
FDL03,OUT010,591.41
FDB46,OUT027,5466.12
FDO48,OUT049,3886.08
FDZ39,OUT049,1670.04
FDT02,OUT027,965.0
FDC50,OUT013,1550.06
FDP39,OUT035,776.36
DRG15,OUT018,767.52
FDP10,OUT018,1342.15
FDF53,OUT027,5015.93
FDN34,OUT045,2869.25
FDK02,OUT045,2063.51
FDC23,OUT045,2932.94
FDJ10,OUT019,306.96
FDE53,OUT035,1701.46
FDR25,OUT035,4091.69
FDW50,OUT046,2703.87
FDS09,OUT049,778.52
FDW49,OUT010,418.4
FDU51,OUT046,2873.13
FDF28,OUT018,1799.48
NCY30,OUT018,2695.52
FDD44,OUT045,4223.6
FDX09,OUT017,2919.16
NCF30,OUT013,2147.64
FDZ50,OUT019,489.01
FDW37,OUT013,1379.16
FDD11,OUT049,4148.0
DRH39,OUT018,921.36
FDA36,OUT049,3245.79
NCG43,OUT049,1429.56
FDF02,OUT035,1674.14
FDP57,OUT027,2589.51
NCE42,OUT017,3977.33
NCR38,OUT027,6242.26
FDP03,OUT019,286.72
FDO51,OUT035,692.04
NCQ42,OUT046,2115.68
NCM41,OUT046,1386.53
FDH48,OUT027,2365.55
DRF60,OUT046,3927.04
FDJ27,OUT035,1658.25
FDQ14,OUT013,2483.14
FDN27,OUT017,2015.69
NCQ02,OUT046,3187.74
FDJ33,OUT049,2091.31
FDP07,OUT027,5179.75
DRE01,OUT049,3955.68
FDU36,OUT045,1651.5
FDL28,OUT017,3968.1
NCX53,OUT046,2150.35
FDZ39,OUT013,1670.04
NCP42,OUT013,3194.87
FDJ14,OUT035,1333.02
FDK04,OUT049,861.99
NCC19,OUT017,3195.17
FDS09,OUT018,696.48
FDZ02,OUT046,1643.12
FDD35,OUT018,1756.1
NCY42,OUT017,2503.81
FDB05,OUT045,3833.7
FDF20,OUT035,3171.85
NCO41,OUT018,1328.56
FDC40,OUT027,2198.33
FDV58,OUT045,2984.24
FDZ57,OUT045,2072.61
DRM35,OUT046,2982.79
DRN36,OUT018,1318.83
FDQ13,OUT046,1325.63
DRO35,OUT010,265.28
NCD43,OUT035,1672.33
FDA51,OUT018,1635.47
NCX17,OUT027,6294.45
NCZ17,OUT049,659.74
FDR11,OUT027,3968.3
FDW34,OUT049,4121.2
FDN50,OUT017,1446.41
FDS09,OUT046,755.36
FDS48,OUT018,2174.19
FDL44,OUT049,2732.92
DRF48,OUT018,2673.18
FDA14,OUT018,2074.13
NCD30,OUT049,1576.36
FDI16,OUT017,775.17
NCG06,OUT035,4311.2
DRZ24,OUT035,2075.81
NCS17,OUT045,1548.78
FDB37,OUT045,4116.29
FDE10,OUT035,2101.84
FDC57,OUT045,3035.82
FDM12,OUT018,2705.66
FDE24,OUT049,2119.57
FDW22,OUT045,3578.99
DRD01,OUT027,1602.38
NCZ18,OUT027,6159.25
FDN49,OUT045,658.21
FDR22,OUT035,1959.28
FDV08,OUT019,99.76
FDY39,OUT046,3199.06
FDV36,OUT049,2148.87
FDO60,OUT045,719.11
FDU04,OUT027,3338.15
FDR20,OUT027,1208.42
FDW19,OUT019,253.83
FDU40,OUT049,3082.46
FDK15,OUT045,1605.19
DRF15,OUT035,2498.68
FDQ25,OUT017,2914.69
FDI48,OUT019,140.44
FDS49,OUT046,1310.87
FDV22,OUT046,2629.91
NCV42,OUT046,1739.82
FDX26,OUT046,3165.2
FDI33,OUT018,1282.07
FDZ14,OUT049,2076.26
FDG10,OUT013,858.6
FDM38,OUT018,680.77
FDG26,OUT027,6194.99
FDH46,OUT035,1668.32
FDN13,OUT018,1339.48
FDU57,OUT035,2462.2
NCI06,OUT046,2995.32
FDM38,OUT045,821.43
NCG42,OUT010,300.63
FDL39,OUT045,2953.71
FDT31,OUT019,519.11
FDV59,OUT013,3512.36
FDB49,OUT035,1646.97
FDD58,OUT049,1661.09
DRN59,OUT046,740.19
FDX48,OUT049,2519.68
FDQ11,OUT049,4072.16
FDY12,OUT049,800.87
FDQ11,OUT045,4046.06
DRI11,OUT017,1972.96
FDY32,OUT027,3891.92
FDS51,OUT045,928.73
FDR19,OUT010,342.68
DRB13,OUT018,2724.0
FDS21,OUT035,942.05
FDQ40,OUT045,2905.6
NCE55,OUT013,2899.74
FDX43,OUT027,3975.85
FDS12,OUT049,2129.12
DRK01,OUT027,2553.09
FDN25,OUT017,870.41
FDB60,OUT046,3181.94
FDQ13,OUT017,1331.23
DRK13,OUT045,3128.75
DRF25,OUT018,517.81
NCD42,OUT019,98.07
FDW25,OUT045,1410.76
NCV29,OUT027,5351.22
NCK42,OUT035,3542.75
DRJ13,OUT027,4091.34
DRD15,OUT017,3904.0
FDM27,OUT045,2538.47
FDZ50,OUT018,2713.27
FDC04,OUT046,3970.13
FDF50,OUT049,3192.48
FDP15,OUT045,3994.36
FDK46,OUT035,4297.02
FDZ56,OUT018,2379.78
FDY60,OUT049,2251.0
FDB10,OUT035,4040.38
FDR57,OUT045,2471.96
FDU58,OUT049,3220.11
FDH02,OUT046,1388.14
FDP48,OUT013,3339.13
FDI46,OUT035,4132.17
FDW56,OUT013,3167.11
NCM19,OUT010,258.77
FDS50,OUT027,5556.96
FDK24,OUT013,703.67
FDO36,OUT017,2930.22
FDK45,OUT027,3101.3
NCL05,OUT045,695.46
FDL32,OUT018,1598.96
FDA28,OUT049,2111.41
FDY36,OUT018,864.92
FDP32,OUT018,1846.59
FDL50,OUT046,2091.29
DRC24,OUT049,2516.49
NCS18,OUT017,1699.28
FDD16,OUT017,1123.97
NCV18,OUT013,1401.32
FDX07,OUT046,3149.25
NCZ05,OUT027,2591.44
NCI31,OUT013,633.91
FDK14,OUT049,1338.98
NCR06,OUT045,688.9
NCF54,OUT049,2884.23
DRG23,OUT010,356.76
FDD53,OUT046,686.55
NCM31,OUT027,3383.6
FDT16,OUT017,4327.23
FDR40,OUT035,1296.51
DRG25,OUT017,3243.05
FDT10,OUT035,925.3
FDY32,OUT013,2647.83
FDN50,OUT035,1461.68
FDZ35,OUT019,240.16
NCP54,OUT045,2077.66
NCD07,OUT035,1752.66
FDS02,OUT018,3225.38
DRN59,OUT018,665.44
DRB24,OUT013,2495.64
FDP37,OUT027,3282.75
DRB01,OUT018,2726.3
FDR47,OUT046,3107.21
NCM31,OUT010,303.72
NCF06,OUT027,6332.2
NCV17,OUT027,3385.04
FDS10,OUT049,2908.17
FDN52,OUT035,1375.7
FDZ48,OUT013,1946.12
FDJ48,OUT049,4137.55
DRB13,OUT027,5062.89
FDV59,OUT017,3543.98
FDL32,OUT035,1746.79
FDZ12,OUT035,2121.62
NCR06,OUT027,995.76
FDP51,OUT017,2086.39
FDY22,OUT013,2187.74
FDZ38,OUT049,2966.13
NCO54,OUT035,863.27
FDR23,OUT035,2885.72
FDM38,OUT049,863.15
FDS25,OUT013,1809.83
FDZ22,OUT013,1338.16
FDZ20,OUT019,585.01
FDD45,OUT010,231.9
FDN03,OUT049,4234.26
NCW30,OUT046,4096.76
FDY24,OUT027,1816.03
FDJ26,OUT019,562.28
FDM15,OUT049,2506.03
NCW54,OUT027,1817.81
FDA23,OUT045,1637.3
FDA39,OUT019,98.88
FDZ12,OUT017,2525.9
NCB42,OUT046,2004.6
FDL16,OUT046,744.1
FDO24,OUT019,383.91
NCP42,OUT046,3205.66
FDR19,OUT018,2088.53
DRL01,OUT045,3843.62
FDV37,OUT046,3152.18
FDI41,OUT010,345.63
FDF58,OUT049,951.98
NCF43,OUT018,1854.28
FDN02,OUT049,3484.12
NCP41,OUT035,1706.19
NCY17,OUT027,1028.9
FDL58,OUT027,6106.32
NCA30,OUT027,5049.53
FDE46,OUT018,2169.18
FDY38,OUT035,3771.59
NCH29,OUT027,2527.58
FDO20,OUT045,4013.56
FDP44,OUT018,1342.15
FDM02,OUT027,2489.74
FDJ14,OUT027,2234.1
FDH04,OUT010,232.31
DRK23,OUT046,4122.95
NCW05,OUT046,1698.71
FDF12,OUT049,2454.69
FDL51,OUT019,580.29
FDN03,OUT018,3222.44
DRJ37,OUT049,2494.57
FDM12,OUT019,499.87
FDA16,OUT045,3644.87
NCB07,OUT017,3101.18
NCI17,OUT019,238.53
FDR51,OUT046,2476.93
FDJ55,OUT045,3899.75
NCZ17,OUT013,658.97
FDU25,OUT013,911.77
NCG18,OUT045,1669.65
DRM11,OUT017,4150.06
FDH16,OUT035,1422.08
FDZ04,OUT018,767.52
NCX53,OUT035,2152.22
FDX38,OUT027,1326.53
FDX09,OUT046,2904.55
NCW05,OUT018,1342.15
NCS41,OUT017,3204.97
FDI26,OUT046,2888.13
NCZ41,OUT027,3315.86
NCK06,OUT046,2094.94
FDX23,OUT027,2532.21
NCA42,OUT046,2519.11
FDC20,OUT049,861.99
DRC49,OUT018,2105.43
FDX01,OUT013,1995.91
FDC08,OUT045,3698.31
FDC02,OUT017,4275.03
FDK10,OUT045,2941.11
DRC24,OUT013,2520.96
FDW16,OUT019,229.45
NCU06,OUT018,3323.86
DRA59,OUT045,3163.31
FDR24,OUT019,226.26
DRL35,OUT018,515.34
FDA49,OUT013,1362.64
NCC55,OUT046,638.27
DRD24,OUT019,311.67
NCE55,OUT049,2916.12
FDT33,OUT045,2872.04
NCT53,OUT013,2628.61
FDS26,OUT046,3952.99
FDL22,OUT018,1287.12
FDP44,OUT017,1672.02
FDC52,OUT018,2222.85
FDI53,OUT010,394.15
FDZ23,OUT046,3113.38
NCT18,OUT013,3328.81
FDR13,OUT046,1981.86
FDB09,OUT010,282.4
FDZ60,OUT013,1705.88
FDB11,OUT046,3765.2
FDC10,OUT018,1717.62
FDW56,OUT035,3179.74
FDK14,OUT027,2267.62
DRE27,OUT027,2687.95
FDA38,OUT017,4038.44
FDT11,OUT045,3147.74
FDP15,OUT035,4036.09
FDV27,OUT035,1377.22
FDS36,OUT027,2594.98
FDY40,OUT027,1304.97
NCF19,OUT049,753.03
FDF53,OUT045,3174.78
FDS14,OUT027,3869.17
FDE56,OUT046,1021.51
FDZ19,OUT035,2892.16
FDZ46,OUT013,1759.5
FDR16,OUT046,3499.97
FDG29,OUT018,513.89
NCE30,OUT017,3450.39
FDZ40,OUT046,834.62
FDG58,OUT018,2246.68
DRH03,OUT013,1539.42
FDZ47,OUT045,1630.95
FDV04,OUT018,2300.97
FDZ10,OUT018,1810.09
FDG46,OUT017,1920.28
NCF07,OUT045,1638.7
FDY44,OUT035,3187.61
FDB21,OUT013,4039.78
FDS20,OUT035,3328.63
FDS49,OUT049,1316.56
FDX55,OUT027,5715.85
NCQ02,OUT018,2713.83
FDR25,OUT013,4102.46
DRG39,OUT045,866.87
FDB46,OUT046,3477.18
NCC30,OUT018,2693.2
FDE58,OUT035,2102.89
FDC05,OUT019,554.89
FDY15,OUT046,2527.49
FDG14,OUT046,2478.66
FDL08,OUT049,4128.32
FDQ47,OUT013,632.62
FDN12,OUT035,1737.3
FDW10,OUT013,2777.01
FDD02,OUT035,2004.42
FDX35,OUT010,563.45
FDT35,OUT046,2770.24
DRN47,OUT019,486.95
FDB11,OUT010,590.85
FDN20,OUT045,2808.64
FDB59,OUT035,3149.36
FDJ58,OUT045,2881.51
FDU60,OUT046,2767.45
FDS03,OUT049,1059.1
FDU40,OUT019,506.66
DRH15,OUT049,748.08
FDD04,OUT027,3780.63
FDQ01,OUT046,3868.71
FDF28,OUT035,2111.52
FDD22,OUT010,262.99
FDY19,OUT046,2006.13
FDN33,OUT035,1484.18
FDV36,OUT035,2148.97
FDW01,OUT010,349.27
FDJ28,OUT049,3226.14
FDB17,OUT035,3007.26
FDM40,OUT049,2148.56
FDV46,OUT045,2119.32
FDQ44,OUT049,2092.66
NCD42,OUT046,637.65
DRH37,OUT046,2670.18
FDR10,OUT018,2375.88
NCD06,OUT027,1067.46
FDI53,OUT046,2609.56
FDG16,OUT035,3496.68
DRB25,OUT046,1700.6
FDY09,OUT046,2888.28
FDX48,OUT045,2519.55
FDC03,OUT010,513.92
FDT47,OUT035,1582.88
FDW44,OUT027,4230.73
FDT24,OUT017,1211.05
FDT12,OUT019,564.73
NCS38,OUT035,1915.21
FDO39,OUT035,3347.86
FDA13,OUT046,656.0
FDO48,OUT035,3804.85
DRJ01,OUT017,2541.81
FDD53,OUT018,513.89
NCT05,OUT049,4207.52
FDQ51,OUT045,743.79
FDU60,OUT013,2775.46
FDC59,OUT046,946.02
FDP36,OUT035,797.78
NCM19,OUT017,1742.76
FDL16,OUT035,697.9
FDE50,OUT018,2717.45
NCR18,OUT013,700.25
NCD30,OUT035,1606.77
FDH31,OUT013,1645.3
FDD56,OUT019,417.56
FDC47,OUT049,3755.46
FDZ21,OUT045,1544.45
FDM01,OUT049,1674.09
FDF24,OUT013,1301.9
FDW23,OUT017,666.41
FDY52,OUT018,767.52
DRH37,OUT027,4274.92
DRO47,OUT027,3021.97
FDR25,OUT049,4091.94
FDQ24,OUT027,6371.96
DRJ51,OUT018,3310.68
NCU06,OUT035,3861.8
NCV18,OUT018,1169.31
NCC06,OUT027,3374.58
FDZ01,OUT018,1355.25
FDT14,OUT017,2112.11
FDD11,OUT019,590.69
FDN09,OUT017,4102.19
NCO18,OUT010,443.39
FDZ50,OUT045,3182.68
FDS44,OUT013,3972.39
FDI36,OUT045,3094.97
FDA26,OUT010,555.55
NCY53,OUT049,1823.12
FDF32,OUT049,3155.28
FDF59,OUT010,296.17
FDB20,OUT046,1214.93
DRH11,OUT035,869.24
FDT03,OUT049,3091.55
NCH06,OUT035,3975.12
FDR55,OUT049,3172.09
FDI10,OUT035,2904.73
FDZ12,OUT045,2088.72
FDM12,OUT049,3147.16
DRB25,OUT045,1696.59
NCS41,OUT013,3328.81
NCT53,OUT049,2625.19
NCD55,OUT013,661.16
FDY08,OUT049,2158.42
NCP55,OUT049,859.13
FDA33,OUT013,2436.73
FDQ33,OUT013,2503.58
FDE45,OUT027,5257.67
FDT26,OUT013,2124.32
NCV53,OUT049,4201.81
FDK60,OUT027,2623.89
NCJ29,OUT046,1335.75
FDI15,OUT045,4062.84
FDX21,OUT013,1746.91
FDV49,OUT019,571.28
DRO59,OUT046,1302.88
FDZ14,OUT045,2050.93
FDP32,OUT027,3310.12
FDC33,OUT017,3153.48
FDT14,OUT010,273.0
NCN54,OUT027,2176.02
FDR57,OUT027,3966.61
DRK12,OUT046,626.85
FDX52,OUT049,3196.45
FDX08,OUT010,455.68
FDP10,OUT010,239.52
NCP50,OUT045,1260.89
NCL06,OUT013,4289.66
FDP25,OUT013,3565.95
FDE53,OUT013,1673.49
FDL27,OUT017,1052.38
FDC35,OUT049,3505.39
DRJ47,OUT010,406.67
FDD16,OUT018,927.26
NCN42,OUT049,2518.94
FDC38,OUT027,3338.58
NCO07,OUT045,3542.43
FDQ20,OUT049,666.24
FDI32,OUT046,1965.75
FDN20,OUT010,406.83
DRJ51,OUT027,6515.91
FDU08,OUT045,1606.6
DRN37,OUT019,396.14
FDD05,OUT010,274.43
FDW15,OUT046,2503.17
FDI52,OUT046,2133.85
DRM11,OUT049,4217.76
NCO06,OUT045,621.65
FDU38,OUT049,3204.72
FDU59,OUT018,2311.16
FDJ10,OUT046,2130.42
FDM13,OUT049,2092.47
NCJ30,OUT019,397.99
FDM45,OUT018,1772.82
FDP36,OUT045,753.66
NCD30,OUT010,234.77
FDN48,OUT017,1494.29
FDY32,OUT049,2619.57
FDU47,OUT046,2132.18
FDF17,OUT019,552.12
FDP34,OUT017,2571.83
FDA47,OUT049,2699.33
DRD27,OUT027,2567.81
FDW38,OUT045,869.24
FDZ15,OUT019,280.04
FDZ03,OUT027,5529.83
NCN19,OUT049,3207.73
FDG02,OUT035,3208.66
FDS31,OUT035,3329.37
FDW43,OUT019,593.0
FDZ47,OUT010,237.84
FDO57,OUT017,2573.99
NCL07,OUT013,659.62
NCV42,OUT013,1761.79
FDP40,OUT017,1802.13
FDP48,OUT019,491.29
FDH21,OUT017,2655.92
NCP02,OUT049,917.81
FDK24,OUT049,748.08
FDC41,OUT045,1166.43
FDF08,OUT017,1371.56
FDO49,OUT017,796.62
FDS56,OUT027,6212.13
FDX46,OUT018,767.52
FDQ07,OUT013,3601.28
FDC32,OUT010,233.44
FDT21,OUT019,564.06
FDG58,OUT045,2526.69
FDW14,OUT049,1373.25
DRA12,OUT027,3514.49
FDV27,OUT013,1378.95
DRD25,OUT013,1799.89
DRF48,OUT027,5000.71
FDX24,OUT017,1442.29
DRJ51,OUT046,3636.66
FDE45,OUT045,2970.4
FDE14,OUT046,1654.52
FDG53,OUT045,2071.63
FDT08,OUT046,2509.65
DRC27,OUT027,6339.08
FDG20,OUT035,2877.25
FDC21,OUT046,1703.04
FDV31,OUT018,2752.2
FDB58,OUT045,2109.83
FDV23,OUT046,2099.65
FDA25,OUT019,241.19
FDC15,OUT046,2601.45
FDU47,OUT049,2118.21
FDE23,OUT013,744.1
FDS08,OUT013,2870.61
FDW03,OUT027,2554.16
FDJ60,OUT018,2268.47
FDM34,OUT017,2142.01
FDW33,OUT013,1675.86
FDZ40,OUT013,858.6
FDE33,OUT018,1151.96
NCC06,OUT010,300.63
FDU11,OUT046,2055.02
FDL44,OUT017,2725.43
NCZ29,OUT017,2119.46
FDG28,OUT010,575.5
FDL12,OUT018,759.91
FDD52,OUT017,1708.73
FDO15,OUT013,998.33
NCN29,OUT027,1312.92
FDW36,OUT013,1700.6
FDB21,OUT046,3936.63
FDZ28,OUT013,2119.27
FDY10,OUT035,1966.38
DRG39,OUT017,831.1
FDN28,OUT013,1697.89
FDV15,OUT035,1668.06
DRI13,OUT035,3588.51
FDH20,OUT046,1554.58
FDY51,OUT013,3573.89
FDE16,OUT013,3562.69
FDX40,OUT018,513.89
FDC48,OUT018,1158.98
FDS14,OUT046,2449.48
FDX56,OUT017,3638.78
FDI10,OUT046,2883.97
FDI14,OUT013,2141.72
DRM48,OUT013,636.86
NCH07,OUT027,4107.51
FDY26,OUT013,3593.24
FDD02,OUT027,3106.99
FDM12,OUT046,3127.18
DRF01,OUT010,353.84
FDV36,OUT046,2151.16
DRI59,OUT013,3815.7
FDV03,OUT018,2234.56
FDO39,OUT017,3337.7
NCB07,OUT018,3142.53
FDH38,OUT027,3127.34
FDZ13,OUT035,750.78
NCZ30,OUT046,2096.82
NCA06,OUT035,622.64
FDB04,OUT049,1370.55
FDN50,OUT013,1448.83
NCG06,OUT049,4190.7
NCY17,OUT018,574.75
FDC23,OUT046,2968.82
FDK33,OUT049,3591.79
FDR03,OUT049,3612.67
FDZ07,OUT045,1011.29
FDO38,OUT013,1274.59
FDS59,OUT046,1703.04
DRM11,OUT019,549.19
FDX52,OUT027,5338.48
DRJ35,OUT018,762.97
NCP53,OUT046,3975.64
FDW15,OUT019,349.27
DRI47,OUT045,2507.82
DRZ11,OUT035,2084.09
FDS02,OUT013,3165.1
DRD49,OUT018,3482.33
FDW38,OUT049,798.73
FDR21,OUT019,411.07
FDE40,OUT013,1014.13
FDI02,OUT045,1740.48
FDQ04,OUT045,667.17
FDY14,OUT017,4344.67
NCT54,OUT046,1581.63
DRD25,OUT017,1770.57
DRE01,OUT045,3930.25
FDJ12,OUT010,588.45
NCZ05,OUT049,1673.81
DRB25,OUT019,255.59
NCC31,OUT045,2557.25
FDM16,OUT045,1179.68
DRG11,OUT049,1693.31
FDV24,OUT027,3624.26
FDV43,OUT046,697.9
FDG05,OUT018,2232.0
FDV23,OUT010,280.69
FDI58,OUT018,1298.81
FDQ11,OUT017,4081.16
FDC05,OUT027,5700.9
FDF40,OUT013,4138.68
FDU02,OUT018,3375.24
FDT32,OUT013,3090.15
NCF06,OUT017,4230.24
FDT46,OUT013,774.2
FDR58,OUT010,229.22
FDY04,OUT046,2666.99
FDT58,OUT045,2858.35
FDE46,OUT049,2511.83
DRH11,OUT017,870.41
DRI51,OUT046,2873.43
FDC35,OUT017,3485.85
FDP45,OUT035,4145.2
FDC45,OUT017,2841.0
FDU01,OUT045,3082.31
FDJ53,OUT010,273.54
FDJ46,OUT017,2904.97
FDX07,OUT013,3124.21
NCI30,OUT049,4042.59
FDE47,OUT027,3342.12
FDV48,OUT045,1311.53
FDN16,OUT019,241.19
FDM52,OUT013,2533.07
FDA32,OUT027,5817.19
FDH05,OUT017,3798.94
FDW25,OUT010,233.38
FDQ09,OUT046,1940.08
NCM17,OUT010,106.5
DRM59,OUT046,2471.54
FDV47,OUT027,2274.54
DRE15,OUT035,1125.25
FDS25,OUT010,249.69
NCZ05,OUT018,1355.25
NCV05,OUT019,364.22
DRM37,OUT046,3168.75
FDV58,OUT027,5134.37
FDN22,OUT027,6195.6
NCO06,OUT049,621.65
FDT56,OUT019,162.22
FDM02,OUT013,1375.34
FDA09,OUT046,2982.35
NCC06,OUT035,2148.7
NCL54,OUT049,2931.59
NCB55,OUT017,897.92
FDB12,OUT017,1674.59
NCA54,OUT049,2960.24
NCS38,OUT049,1972.72
FDC02,OUT049,4288.51
FDK44,OUT019,406.43
FDE16,OUT035,3602.1
NCS05,OUT035,2123.19
FDZ59,OUT045,2841.63
FDI20,OUT017,3569.52
FDQ14,OUT046,2481.38
FDF53,OUT017,2935.18
FDW25,OUT017,1412.19
NCQ43,OUT010,253.97
FDX52,OUT013,3175.18
FDE28,OUT045,3769.27
FDN15,OUT017,2147.62
FDO28,OUT017,2051.16
FDQ33,OUT045,2512.06
FDM22,OUT010,162.46
FDJ03,OUT017,746.94
FDI16,OUT045,866.66
FDI09,OUT027,6322.33
FDX55,OUT013,3504.72
FDS23,OUT027,3307.66
DRC12,OUT045,3063.12
FDH41,OUT049,3463.56
FDN01,OUT013,2893.87
FDV55,OUT045,2549.55
NCJ19,OUT013,854.94
NCY29,OUT010,163.85
FDP03,OUT018,1776.79
FDZ52,OUT045,1735.31
FDH31,OUT010,237.02
FDQ19,OUT018,3175.78
FDS15,OUT035,1679.28
FDN32,OUT017,3288.75
FDH32,OUT049,1620.06
FDF33,OUT017,1722.29
FDJ22,OUT046,3095.69
FDG56,OUT010,166.2
FDC05,OUT046,3176.72
FDK09,OUT013,3727.88
NCV29,OUT045,2963.42
NCC43,OUT019,542.16
NCA42,OUT049,2514.7
FDC10,OUT046,1997.51
FDC16,OUT013,1364.61
NCL17,OUT013,2116.56
FDA51,OUT035,1969.55
FDW01,OUT017,2520.22
NCF30,OUT045,2116.27
FDN49,OUT013,680.78
FDY20,OUT045,1387.73
FDC15,OUT045,2535.84
FDY24,OUT046,845.35
NCG43,OUT017,1545.27
FDA48,OUT013,3659.55
NCF55,OUT017,646.25
FDL38,OUT049,1381.88
NCQ29,OUT018,3560.05
FDC34,OUT017,2566.82
FDP36,OUT027,1450.06
FDN50,OUT010,235.04
FDO23,OUT049,1537.67
FDT56,OUT013,856.32
FDT13,OUT027,5399.85
FDZ03,OUT013,3182.96
FDQ03,OUT010,584.09
FDU44,OUT045,2695.14
FDD03,OUT049,3785.67
NCH30,OUT013,1769.44
FDS60,OUT010,437.88
FDG08,OUT046,2866.15
FDX38,OUT017,748.17
FDD22,OUT017,1919.9
FDW51,OUT013,3574.12
FDL09,OUT017,2771.72
FDZ60,OUT045,1692.52
NCH07,OUT046,2645.95
NCQ41,OUT049,3217.14
FDW04,OUT049,2087.42
FDI08,OUT027,6178.8
FDR19,OUT019,349.4
FDV13,OUT046,1353.78
FDB52,OUT017,4125.75
FDZ48,OUT027,3012.42
NCO14,OUT049,748.73
FDZ50,OUT013,3218.79
FDN27,OUT019,273.37
FDQ60,OUT013,2086.25
FDR49,OUT017,749.1
DRJ35,OUT027,1809.17
DRI49,OUT017,1327.15
FDB47,OUT017,3644.26
FDP37,OUT010,297.89
FDR26,OUT049,2761.7
FDY31,OUT019,358.02
FDC11,OUT045,1378.58
DRP47,OUT035,3957.13
NCY54,OUT018,2424.7
FDR27,OUT046,2123.65
FDQ21,OUT019,280.51
NCQ29,OUT035,4031.37
FDJ02,OUT046,2506.01
FDE21,OUT018,1618.75
FDM39,OUT046,2899.06
FDZ01,OUT017,1666.67
NCB19,OUT018,1264.26
FDU03,OUT046,3235.19
FDP27,OUT049,3199.84
DRF01,OUT045,2463.71
FDM03,OUT049,1701.8
FDV01,OUT046,2506.93
FDS16,OUT046,2525.88
FDO45,OUT035,1388.44
NCX06,OUT035,3060.51
FDP13,OUT046,665.59
NCR38,OUT018,3581.79
FDA01,OUT013,857.59
FDT26,OUT017,2013.34
FDD44,OUT027,6155.66
FDB26,OUT013,858.6
FDP45,OUT019,585.49
NCP55,OUT046,868.09
FDT23,OUT017,1316.49
FDO51,OUT045,680.09
FDA44,OUT046,863.27
NCJ31,OUT018,3540.39
FDX37,OUT045,1642.32
NCD18,OUT049,3894.26
FDN40,OUT027,3707.41
FDL33,OUT017,3186.83
DRF48,OUT035,3190.13
FDW08,OUT035,1671.84
FDX39,OUT018,3035.94
FDB38,OUT049,2637.23
FDY46,OUT018,2689.31
NCB06,OUT049,2629.72
FDA34,OUT035,2986.85
FDA35,OUT045,2069.39
FDQ07,OUT035,3569.39
FDU32,OUT045,2073.39
FDU26,OUT013,2109.47
FDU13,OUT010,357.15
FDO09,OUT035,4056.78
FDW03,OUT019,239.39
FDB38,OUT013,2609.97
FDL26,OUT010,348.18
NCN43,OUT045,2091.46
FDH08,OUT045,4034.02
NCC31,OUT019,403.55
FDH14,OUT035,2126.54
FDL40,OUT017,1620.9
FDD20,OUT035,2119.59
NCV53,OUT035,4209.98
FDD16,OUT045,1057.9
FDP24,OUT035,2098.96
FDQ25,OUT045,2910.85
FDM38,OUT035,835.78
NCT18,OUT010,425.9
FDM34,OUT049,2128.24
DRH37,OUT010,389.22
NCE07,OUT013,2163.68
FDG12,OUT013,2030.22
FDB59,OUT010,593.93
FDS10,OUT018,2726.06
FDN21,OUT010,375.19
FDM02,OUT045,1377.38
FDO44,OUT049,1777.82
NCN17,OUT017,1669.45
FDH16,OUT018,1298.81
FDL44,OUT046,2682.03
FDY47,OUT017,2090.8
DRI39,OUT046,869.24
NCX54,OUT018,1355.25
FDE59,OUT046,637.55
FDO46,OUT045,3151.5
DRE13,OUT046,1400.92
FDW14,OUT013,1385.53
FDF35,OUT046,1696.09
FDO50,OUT019,226.52
DRF49,OUT017,1971.61
FDT60,OUT049,2098.5
FDP38,OUT045,749.75
FDA31,OUT027,4771.49
FDY52,OUT010,167.02
FDD03,OUT027,6498.61
FDN52,OUT018,1264.26
FDU20,OUT010,272.88
FDD22,OUT035,1734.9
NCB55,OUT019,161.19
FDN27,OUT045,2000.68
FDD16,OUT013,1239.32
FDW48,OUT046,1257.78
DRN35,OUT045,630.31
FDX25,OUT049,2977.48
DRD49,OUT049,3886.83
FDE21,OUT019,269.59
FDN44,OUT035,2681.75
DRC01,OUT049,752.39
NCK30,OUT046,4038.24
FDU39,OUT013,855.16
FDB49,OUT013,1639.54
FDS12,OUT045,2102.5
FDR57,OUT018,2369.5
FDX22,OUT027,5486.64
FDC60,OUT013,1425.19
NCE42,OUT049,3938.2
NCK42,OUT049,3514.94
DRE01,OUT017,3940.9
FDE57,OUT018,1850.32
DRK59,OUT019,549.3
FDB10,OUT027,6237.27
FDQ25,OUT046,2900.09
FDY26,OUT017,3637.8
FDG28,OUT049,4146.58
FDM14,OUT049,1714.27
NCH29,OUT049,1669.76
FDD48,OUT049,1982.05
FDC17,OUT045,3573.96
DRH49,OUT027,2229.58
FDN44,OUT018,2343.37
FDC29,OUT045,1934.42
DRK01,OUT019,232.24
FDD48,OUT017,1951.93
FDB59,OUT013,3108.87
FDY45,OUT010,605.53
FDX60,OUT035,1293.65
FDT09,OUT010,300.84
DRB24,OUT018,2281.16
FDL13,OUT035,3977.62
FDN16,OUT035,1670.36
FDK57,OUT013,2089.07
FDO22,OUT027,2217.92
FDC57,OUT010,517.11
FDZ13,OUT027,1360.43
FDW27,OUT013,2439.13
FDX10,OUT049,645.7
FDY08,OUT018,1850.32
FDA49,OUT017,1363.11
FDC32,OUT018,1319.68
FDO04,OUT035,860.68
NCZ54,OUT013,2672.8
FDY40,OUT045,744.1
FDW36,OUT045,1696.59
FDE11,OUT017,3174.03
DRE37,OUT045,3133.79
NCK19,OUT017,3183.8
FDT19,OUT035,2869.65
FDE56,OUT045,953.26
FDZ57,OUT010,295.09
FDB35,OUT035,1466.55
FDF09,OUT010,104.03
FDO34,OUT046,2869.73
FDA55,OUT046,3820.33
NCM18,OUT035,951.53
FDJ20,OUT019,279.77
DRQ35,OUT019,301.94
FDG02,OUT013,3193.07
NCU29,OUT018,2204.83
FDL27,OUT027,1829.85
NCA54,OUT035,2956.26
FDJ32,OUT035,971.43
FDB21,OUT019,531.69
FDR46,OUT035,2540.08
FDZ32,OUT046,1678.32
DRF36,OUT017,3187.63
NCU54,OUT017,3547.65
NCI31,OUT017,621.65
DRA59,OUT035,3215.02
NCC55,OUT045,638.88
FDE44,OUT018,674.96
NCN26,OUT018,1627.88
FDC11,OUT049,1367.18
FDV24,OUT035,2451.71
FDR40,OUT019,221.49
NCQ17,OUT049,2581.72
FDC46,OUT045,3086.37
NCM18,OUT046,1002.56
FDK16,OUT046,1588.78
FDI28,OUT017,1295.93
FDS11,OUT018,3156.03
DRD13,OUT046,1013.88
FDL36,OUT035,1386.21
FDI27,OUT013,749.1
FDJ53,OUT019,276.19
FDS44,OUT045,3945.35
FDE28,OUT046,3737.86
FDQ33,OUT018,2105.5
FDB37,OUT017,4137.96
FDQ31,OUT045,1410.41
NCQ05,OUT046,2505.55
FDE10,OUT013,2107.32
FDF38,OUT017,660.44
FDE50,OUT019,524.06
DRG37,OUT010,387.02
NCH06,OUT049,4048.22
FDY14,OUT045,4330.84
FDO27,OUT017,1557.86
FDQ19,OUT049,4203.92
FDZ26,OUT019,563.51
FDN51,OUT013,4434.8
FDK20,OUT035,2092.38
FDD40,OUT018,2763.84
DRI25,OUT018,733.1
FDH56,OUT017,1975.21
FDI36,OUT027,5529.19
DRH11,OUT018,733.34
NCV18,OUT017,1375.83
DRI01,OUT049,2915.2
DRE48,OUT049,3200.77
FDS51,OUT035,925.6
FDM38,OUT017,768.64
FDB60,OUT027,5243.65
FDY58,OUT035,3963.85
FDY22,OUT045,2176.25
FDF11,OUT027,6479.67
FDZ51,OUT035,1589.49
FDQ45,OUT017,3345.09
FDF17,OUT035,3180.35
NCF31,OUT027,3678.9
FDA37,OUT013,2095.46
FDO51,OUT046,693.81
FDF34,OUT013,3144.09
FDD57,OUT018,1320.72
FDO37,OUT046,3905.2
FDR49,OUT049,754.48
FDS39,OUT049,2127.79
FDI48,OUT027,1442.11
DRM35,OUT049,3002.34
FDV57,OUT035,3059.28
FDZ55,OUT013,2624.27
FDI28,OUT035,1270.44
FDS21,OUT045,993.66
FDT34,OUT013,1692.72
DRI25,OUT035,863.27
FDT47,OUT010,229.45
DRH39,OUT045,1139.11
NCD54,OUT045,2542.01
FDU16,OUT027,2359.9
NCW29,OUT045,2093.08
FDV25,OUT027,5497.96
FDM56,OUT035,1714.13
FDZ04,OUT027,1896.59
FDG59,OUT019,98.07
FDI56,OUT045,1396.44
FDS33,OUT035,1407.1
FDC23,OUT049,2935.66
FDT11,OUT049,3220.28
FDG17,OUT045,4090.34
FDZ44,OUT045,1960.93
FDJ52,OUT013,2617.95
DRI23,OUT046,2579.83
DRE15,OUT010,230.83
NCF07,OUT013,1662.76
NCR29,OUT049,861.99
FDE44,OUT019,101.17
FDT23,OUT035,1325.21
NCG06,OUT017,4289.78
NCU41,OUT010,510.96
FDH46,OUT017,1677.14
FDV31,OUT013,2907.98
NCT41,OUT027,3999.85
FDE22,OUT027,3991.96
FDC26,OUT045,1715.27
DRF51,OUT017,636.01
NCY53,OUT019,269.02
FDY21,OUT017,3122.85
FDL27,OUT013,1024.58
FDZ34,OUT049,3212.69
NCF43,OUT010,346.74
FDC21,OUT035,1704.45
FDL26,OUT013,2525.53
FDT25,OUT010,272.42
NCR30,OUT046,1131.57
DRL23,OUT019,242.51
NCR05,OUT049,3157.75
NCE19,OUT018,726.14
FDY07,OUT035,697.9
FDB10,OUT017,4021.51
FDP57,OUT013,1675.54
FDU48,OUT019,307.45
FDH48,OUT035,1374.38
FDO33,OUT035,1991.54
NCU29,OUT045,2462.84
FDW35,OUT046,688.4
FDH05,OUT010,585.43
FDP26,OUT049,1662.31
DRG27,OUT035,679.99
FDQ33,OUT046,2504.25
FDH20,OUT010,232.98
FDV14,OUT046,1374.13
DRD01,OUT046,869.24
NCI17,OUT049,1575.43
FDF39,OUT010,615.94
FDX37,OUT046,1646.33
NCX17,OUT035,3752.81
FDN03,OUT013,4275.53
NCS41,OUT010,465.24
FDH34,OUT045,3172.69
NCX53,OUT018,1823.69
FDY31,OUT046,2441.31
FDD20,OUT017,2133.98
FDE51,OUT045,746.01
FDV27,OUT046,1373.59
FDF16,OUT035,2449.02
FDZ02,OUT049,1557.77
NCK05,OUT045,976.79
FDM12,OUT027,5371.64
NCA05,OUT018,2158.85
FDX33,OUT045,2611.55
FDM25,OUT049,2920.09
FDE41,OUT018,1264.26
FDW14,OUT045,1376.11
NCD30,OUT046,1555.19
FDB23,OUT010,614.78
FDF45,OUT046,909.06
FDW20,OUT017,2138.73
FDF47,OUT045,3541.28
NCR05,OUT019,563.93
DRB01,OUT046,3189.71
FDE36,OUT013,2627.7
FDU56,OUT049,3153.03
FDB23,OUT049,3860.37
FDN48,OUT049,1391.56
FDS43,OUT013,3152.28
NCN05,OUT013,3238.7
NCL53,OUT049,2922.43
FDL56,OUT046,1367.84
FDH17,OUT018,1320.72
FDP37,OUT046,2152.14
FDG09,OUT019,506.18
FDA55,OUT045,3815.31
FDX31,OUT049,4052.71
FDJ41,OUT045,4312.32
DRC24,OUT045,2547.49
FDQ21,OUT035,2125.25
NCT54,OUT045,1495.55
FDH08,OUT049,4049.77
FDY38,OUT018,3415.54
DRM11,OUT010,566.68
FDG32,OUT049,3577.67
NCH18,OUT046,3982.57
FDI20,OUT035,3618.4
FDA33,OUT018,2216.41
FDN45,OUT013,3630.46
FDT45,OUT010,163.85
FDR32,OUT035,3826.81
FDA48,OUT017,3611.16
FDN23,OUT017,2492.28
NCR18,OUT035,688.9
FDD45,OUT046,1501.19
FDI22,OUT018,3240.51
FDT09,OUT013,2151.67
DRC24,OUT027,4123.48
FDT39,OUT046,2457.96
FDX28,OUT045,1629.11
FDA50,OUT018,1319.68
FDT33,OUT027,4181.47
FDQ60,OUT049,2077.04
NCM19,OUT018,1578.82
FDF40,OUT046,4048.26
NCI30,OUT035,4039.53
FDK34,OUT049,4050.94
FDA38,OUT027,6486.34
FDT02,OUT045,638.2
FDC11,OUT017,1363.01
FDD08,OUT046,667.77
NCS29,OUT046,4296.03
DRI03,OUT010,458.07
FDK48,OUT035,1095.07
FDM52,OUT049,2517.9
FDP49,OUT035,869.24
DRA24,OUT046,2627.22
NCJ43,OUT049,2908.0
FDE11,OUT045,3103.73
FDP01,OUT049,2486.27
FDQ59,OUT018,1257.87
FDA43,OUT019,502.27
FDL14,OUT017,2470.87
FDV50,OUT010,282.24
FDT01,OUT027,5777.23
NCC42,OUT035,2124.43
FDO28,OUT046,2000.22
FDD32,OUT019,219.4
FDV45,OUT035,3130.26
NCW17,OUT019,305.38
NCJ17,OUT027,2441.45
NCF18,OUT049,3125.88
FDP01,OUT045,2487.48
FDH24,OUT045,2545.96
FDI38,OUT027,5801.66
FDX03,OUT035,697.9
FDY28,OUT046,3482.05
FDN34,OUT018,2428.48
FDJ02,OUT045,2517.26
FDW40,OUT019,309.23
FDX03,OUT017,686.55
FDE17,OUT027,3943.65
FDT58,OUT046,2851.1
FDI38,OUT013,3609.79
FDW22,OUT035,3941.13
FDS15,OUT027,2688.16
NCX06,OUT013,3292.53
DRK47,OUT035,3951.89
FDC23,OUT027,4906.4
FDM56,OUT010,251.2
FDP21,OUT046,3197.3
FDP58,OUT046,3424.68
FDA27,OUT019,589.26
FDK41,OUT019,229.52
NCH42,OUT046,3815.63
FDG29,OUT045,683.19
FDW15,OUT018,2136.41
FDD28,OUT018,762.97
FDQ37,OUT049,3088.55
FDC23,OUT035,2963.86
FDV13,OUT035,1373.69
FDK33,OUT046,3564.35
FDO33,OUT013,1936.55
FDN21,OUT017,2645.15
NCW06,OUT027,5390.69
FDI38,OUT035,3657.89
FDC21,OUT027,2599.9
NCS05,OUT046,2126.3
NCN53,OUT049,647.07
FDV40,OUT010,196.05
FDG60,OUT017,3940.2
NCY30,OUT027,4905.41
FDM40,OUT045,2124.26
NCO30,OUT046,3164.21
FDK10,OUT046,3022.94
FDM36,OUT045,2901.23
FDN10,OUT013,1995.67
FDM46,OUT018,1320.25
FDX50,OUT049,1747.97
FDP33,OUT045,3877.53
FDO12,OUT045,3115.21
FDC28,OUT013,1741.76
FDO31,OUT045,1342.52
FDX45,OUT035,2536.61
FDV21,OUT049,2136.31
FDH04,OUT049,1414.33
NCG54,OUT013,2900.04
FDO13,OUT046,2630.33
FDA09,OUT027,5436.45
FDC38,OUT017,2135.41
NCO42,OUT046,2520.54
FDL45,OUT049,2113.43
NCK31,OUT013,792.22
FDM39,OUT017,2974.48
FDC22,OUT010,502.43
FDF46,OUT046,1974.19
FDQ37,OUT045,3024.19
FDH41,OUT010,562.87
FDQ04,OUT046,667.94
NCQ02,OUT027,5418.53
FDJ57,OUT027,5052.42
NCE07,OUT049,2118.37
FDE56,OUT013,911.44
FDI20,OUT049,3567.71
FDK36,OUT018,680.77
FDP08,OUT027,5127.49
FDF44,OUT017,2105.94
NCU53,OUT017,2832.95
FDF47,OUT035,3619.09
FDS55,OUT010,357.21
FDZ52,OUT010,252.81
FDL04,OUT018,1342.15
NCM26,OUT035,2515.17
FDX43,OUT049,2831.17
FDP52,OUT049,3948.3
DRK49,OUT045,674.16
FDE38,OUT013,2631.9
DRF13,OUT035,2554.77
FDK41,OUT010,238.36
FDJ04,OUT027,3064.02
FDZ44,OUT018,1708.78
FDS11,OUT013,3877.99
FDA55,OUT049,3871.9
NCW53,OUT046,3110.41
FDB49,OUT027,2552.26
FDD23,OUT017,3181.59
NCV42,OUT045,1754.48
NCZ29,OUT018,1829.0
FDQ26,OUT013,861.14
FDV08,OUT017,667.77
FDC53,OUT049,1644.06
FDV58,OUT010,496.93
NCP02,OUT019,162.01
DRI37,OUT045,864.43
FDQ12,OUT049,3931.87
FDE33,OUT046,1249.0
FDX27,OUT045,1541.89
FDM22,OUT017,774.01
NCH30,OUT019,270.58
FDC04,OUT017,4059.15
FDO38,OUT046,1292.76
FDV52,OUT027,3067.53
FDB32,OUT013,1537.44
FDV43,OUT018,596.85
FDI24,OUT018,2664.64
FDR40,OUT017,1328.35
FDW02,OUT049,2081.45
FDE44,OUT049,744.1
FDL38,OUT046,1381.88
NCT54,OUT010,232.52
DRJ39,OUT010,606.83
FDW55,OUT049,4234.98
DRF13,OUT019,348.95
NCW17,OUT049,2145.95
FDP13,OUT035,667.12
FDS08,OUT018,2663.78
NCP17,OUT035,943.66
NCO53,OUT035,3288.73
FDH19,OUT045,2849.07
FDJ04,OUT017,2131.72
FDG10,OUT049,861.99
FDA40,OUT010,234.6
FDI53,OUT045,2649.27
FDU09,OUT010,164.66
FDK60,OUT045,1618.56
FDR43,OUT017,620.93
FDW22,OUT017,3689.38
DRP47,OUT010,578.9
DRG48,OUT010,384.2
FDA14,OUT035,2535.47
FDU49,OUT013,1365.26
FDK28,OUT045,4053.18
FDT19,OUT046,2852.54
NCQ42,OUT045,2086.77
FDD03,OUT045,3774.45
NCM53,OUT013,1704.19
NCX53,OUT045,2116.51
FDV14,OUT027,2361.41
NCZ54,OUT017,2700.77
FDB39,OUT013,858.6
DRC24,OUT046,2519.29
FDY36,OUT013,1111.93
FDN01,OUT035,2925.81
DRH25,OUT046,824.41
FDV08,OUT046,694.46
NCP53,OUT049,4082.62
FDU52,OUT010,367.71
NCI42,OUT045,3395.81
FDZ14,OUT035,2073.94
FDF11,OUT046,4086.04
FDQ13,OUT018,1264.16
FDO32,OUT010,107.25
DRJ37,OUT018,2190.25
FDY43,OUT046,2855.89
NCT41,OUT017,2529.24
NCV17,OUT045,2120.72
FDM04,OUT027,1605.71
DRB48,OUT018,513.89
FDM24,OUT013,2440.6
FDT37,OUT049,4138.97
NCO05,OUT010,232.76
FDL13,OUT046,3899.24
FDL15,OUT017,2513.54
FDB11,OUT018,3200.7
FDL14,OUT019,367.92
FDY10,OUT019,269.97
FDJ40,OUT049,1741.06
NCW18,OUT046,3924.48
NCY06,OUT013,2129.22
DRE13,OUT018,1275.32
FDA26,OUT045,3514.14
NCE19,OUT010,143.61
FDE33,OUT035,1292.53
DRL59,OUT027,1561.92
FDY07,OUT046,745.93
FDF57,OUT018,2394.9
FDM58,OUT035,1740.14
FDP26,OUT027,2689.26
FDY32,OUT046,2641.98
FDD51,OUT010,106.79
FDU22,OUT018,1717.62
FDZ49,OUT018,3295.96
NCI42,OUT017,3533.25
FDT04,OUT027,952.77
NCU41,OUT045,3057.34
FDS56,OUT045,4204.37
NCN42,OUT017,2520.1
FDK34,OUT046,3975.42
FDB03,OUT017,3865.97
DRJ25,OUT035,745.81
FDT25,OUT027,3382.98
FDN20,OUT013,2815.83
FDP09,OUT013,3532.71
FDM20,OUT019,563.38
NCG55,OUT046,1963.88
NCP14,OUT045,1668.08
NCH06,OUT046,3881.86
FDV52,OUT013,2008.05
NCL07,OUT035,661.16
DRJ11,OUT027,5366.67
DRO59,OUT013,1144.37
FDW15,OUT010,350.56
NCQ30,OUT035,2079.47
NCN54,OUT019,189.56
FDY01,OUT027,3048.56
FDX39,OUT035,3640.93
FDH53,OUT027,2223.33
FDA57,OUT035,670.77
NCC07,OUT010,246.54
FDU28,OUT013,3099.1
FDK36,OUT010,107.61
FDR36,OUT018,521.14
NCQ17,OUT035,2529.02
FDS28,OUT019,159.94
FDE08,OUT045,2502.08
FDU22,OUT046,2086.77
FDG41,OUT045,1712.68
FDO31,OUT010,230.28
FDM21,OUT019,572.01
FDU40,OUT017,3062.23
FDV36,OUT018,1789.58
FDT10,OUT027,1791.66
FDX38,OUT045,748.17
NCU30,OUT027,4028.35
NCV06,OUT049,3201.25
FDT16,OUT035,4328.48
NCP41,OUT027,2605.45
FDZ56,OUT017,2880.54
FDC22,OUT035,3187.52
FDU10,OUT035,659.58
FDS46,OUT045,1984.73
FDO08,OUT049,2790.63
NCV42,OUT018,1398.73
FDP33,OUT035,3922.15
FDJ12,OUT046,3492.56
FDH04,OUT045,1412.36
NCU54,OUT013,3517.4
FDO36,OUT010,452.02
FDT37,OUT027,6446.56
FDD14,OUT010,479.21
FDA16,OUT013,3618.83
NCS42,OUT019,229.39
FDP10,OUT019,243.17
FDQ28,OUT049,2522.02
FDK57,OUT010,272.76
FDK02,OUT013,2004.48
FDW47,OUT018,1752.9
NCC42,OUT018,1830.79
FDQ37,OUT018,2821.53
FDL40,OUT046,1539.47
DRE13,OUT010,231.2
FDQ34,OUT027,2730.03
NCB54,OUT046,2092.91
FDS48,OUT049,2509.63
FDO15,OUT045,1013.63
NCT30,OUT013,748.08
FDU49,OUT027,2366.58
FDE21,OUT046,2003.8
FDS49,OUT019,221.27
FDT38,OUT027,2364.52
FDZ01,OUT045,1673.6
FDC41,OUT035,1188.31
DRG13,OUT010,384.01
NCZ42,OUT018,3122.63
NCM07,OUT045,1377.77
NCV17,OUT018,1816.25
DRK39,OUT035,1340.37
FDS37,OUT018,1635.47
FDV12,OUT019,236.55
NCG19,OUT018,3486.94
FDS51,OUT013,948.87
NCO14,OUT046,692.75
FDC38,OUT046,2134.74
FDN15,OUT046,2144.83
NCH42,OUT013,3883.37
FDQ22,OUT046,636.56
FDC05,OUT013,3170.68
FDZ31,OUT013,3152.73
DRJ23,OUT049,3122.58
FDC52,OUT035,2531.49
DRD12,OUT010,232.91
FDV55,OUT017,2539.91
FDD32,OUT046,1304.01
FDR01,OUT049,3312.64
FDY08,OUT019,307.73
FDQ45,OUT045,3160.05
DRN11,OUT027,3627.04
NCS05,OUT018,1830.79
FDY32,OUT035,2657.78
NCD31,OUT045,2775.34
NCE06,OUT049,2626.49
NCP14,OUT046,1671.63
NCF18,OUT019,500.94
FDF14,OUT018,2232.26
FDB22,OUT017,2476.3
NCH54,OUT049,2665.23
FDU27,OUT035,746.84
FDS58,OUT027,4065.81
NCU29,OUT035,2525.85
FDJ57,OUT013,3220.23
FDL56,OUT049,1372.76
FDH60,OUT035,3112.22
FDN24,OUT018,723.08
FDD02,OUT017,2101.09
FDP15,OUT017,4074.89
FDB28,OUT027,5375.92
DRC49,OUT045,2532.2
NCG30,OUT018,1743.0
FDJ14,OUT049,1297.12
FDL52,OUT045,645.7
NCG19,OUT027,6323.42
NCN41,OUT035,2111.98
FDW22,OUT013,3926.01
FDI02,OUT013,1767.24
FDV51,OUT045,2720.86
FDV48,OUT046,1314.61
NCL17,OUT019,310.04
FDP46,OUT045,1385.51
FDU10,OUT045,637.55
FDT37,OUT010,607.58
FDI27,OUT035,749.1
FDN51,OUT046,4317.98
FDW07,OUT035,1359.63
FDN45,OUT049,3629.17
DRN37,OUT027,4047.13
DRF48,OUT049,3200.56
FDP38,OUT019,138.31
NCX18,OUT027,5612.6
FDK45,OUT018,1620.84
FDZ37,OUT049,1368.56
FDS50,OUT018,3173.05
NCR54,OUT018,2814.07
NCS17,OUT035,1545.23
FDV31,OUT046,2895.63
DRE27,OUT017,1553.83
FDN60,OUT013,2647.54
FDK26,OUT013,3200.69
FDX37,OUT018,1339.48
FDW31,OUT046,3123.18
FDX26,OUT018,2685.33
DRL49,OUT019,311.2
FDU49,OUT017,1360.93
FDY58,OUT046,3842.11
FDN03,OUT045,4207.01
NCV06,OUT010,511.81
FDH53,OUT045,1297.87
FDG31,OUT018,818.68
NCC06,OUT045,2129.02
FDS13,OUT049,3978.55
FDP16,OUT035,4114.25
FDA35,OUT013,2106.06
DRP47,OUT018,3575.93
FDY28,OUT010,552.2
FDY20,OUT035,1389.61
NCH30,OUT017,1747.24
NCR29,OUT019,161.32
NCP05,OUT013,2498.23
NCF30,OUT019,289.92
FDA08,OUT035,2720.74
FDN51,OUT027,6273.39
FDH12,OUT046,1700.6
FDY39,OUT017,3341.95
NCO53,OUT045,3116.79
FDB40,OUT046,2546.27
FDH02,OUT049,1388.14
FDY11,OUT027,1841.99
FDQ09,OUT019,267.06
FDP16,OUT013,4123.98
NCF55,OUT018,519.7
FDY09,OUT027,5160.94
FDY39,OUT045,3295.59
NCU53,OUT049,2627.86
NCT41,OUT049,2510.58
FDJ45,OUT046,634.1
FDR28,OUT013,2727.38
FDN08,OUT013,2012.3
FDJ07,OUT049,1960.42
FDZ09,OUT027,4144.85
FDQ14,OUT017,2487.77
FDY12,OUT027,1355.93
FDK57,OUT046,2082.28
FDD20,OUT049,2119.49
FDS36,OUT018,1498.81
FDI40,OUT049,1672.87
FDJ40,OUT045,1735.19
FDE08,OUT013,2496.35
DRK01,OUT013,1558.41
FDC58,OUT049,689.96
FDE50,OUT046,3125.36
FDX48,OUT035,2520.57
DRM35,OUT018,2661.8
FDG41,OUT013,1716.55
FDB52,OUT046,4019.41
FDV19,OUT045,2652.74
DRG48,OUT017,2514.72
FDI26,OUT013,2985.68
FDU11,OUT019,279.36
FDF59,OUT019,305.76
FDR07,OUT049,1582.1
NCE06,OUT017,2623.41
FDE10,OUT046,2096.66
NCO55,OUT046,1716.5
FDZ13,OUT013,772.7
FDT50,OUT017,1590.22
FDH12,OUT010,238.29
FDD21,OUT045,1959.49
NCM05,OUT013,4298.72
FDK04,OUT013,899.08
FDN33,OUT017,1577.49
NCM18,OUT010,170.43
DRC25,OUT049,1408.69
FDT47,OUT017,1598.78
FDD45,OUT027,2665.89
NCD07,OUT018,1618.75
NCY54,OUT010,417.42
FDL12,OUT049,926.98
FDL02,OUT017,1672.84
FDC60,OUT035,1426.82
FDR37,OUT017,2999.55
FDY16,OUT017,3149.98
FDU26,OUT045,2071.51
FDN24,OUT013,824.02
FDH44,OUT013,2507.42
FDE23,OUT010,106.17
FDW60,OUT017,2918.61
FDQ55,OUT049,2012.97
FDV32,OUT027,1824.53
FDV03,OUT010,351.75
FDY14,OUT010,570.87
NCL55,OUT027,6111.08
DRF25,OUT017,664.77
FDX03,OUT046,697.9
FDF40,OUT045,4084.47
FDX24,OUT010,229.49
FDA25,OUT049,1677.9
FDH21,OUT018,2400.52
FDB47,OUT010,562.51
FDT34,OUT019,241.94
FDS39,OUT010,303.37
NCU05,OUT046,1309.89
FDE02,OUT049,1481.76
FDL25,OUT035,1411.22
FDC50,OUT049,1504.71
FDZ32,OUT049,1702.57
FDV14,OUT045,1359.07
FDR07,OUT045,1580.61
FDB26,OUT049,797.63
NCR50,OUT045,2534.89
FDP01,OUT018,2137.43
FDH57,OUT045,2077.61
FDM60,OUT027,977.7
FDA45,OUT017,2738.33
FDU55,OUT017,4321.28
FDH40,OUT035,1343.07
FDG40,OUT019,98.07
FDT12,OUT049,3824.57
DRL59,OUT045,833.73
FDT47,OUT018,1370.49
FDI60,OUT017,1048.67
DRF51,OUT027,952.77
NCK31,OUT049,768.13
FDB08,OUT045,2581.56
FDM44,OUT035,1660.25
FDD46,OUT018,2176.73
FDR27,OUT019,305.22
FDV56,OUT010,250.31
FDM02,OUT049,1372.46
FDU45,OUT018,1598.96
FDZ10,OUT017,2119.65
NCK31,OUT010,111.21
FDR27,OUT035,2126.47
FDF33,OUT013,1706.54
FDJ36,OUT046,1670.64
FDP33,OUT049,3919.73
FDG17,OUT046,4012.76
FDG47,OUT027,6195.04
NCW29,OUT046,2114.95
DRH59,OUT017,1064.93
FDR32,OUT017,3825.36
FDP48,OUT035,3354.72
FDG17,OUT035,4115.42
DRJ59,OUT017,662.14
FDY48,OUT027,2594.6
FDB02,OUT046,2892.72
FDN10,OUT019,274.41
NCD55,OUT035,685.25
FDX34,OUT013,2083.28
FDZ38,OUT045,2954.71
DRF37,OUT049,4082.95
DRL47,OUT019,288.49
FDL27,OUT035,1040.34
NCP53,OUT035,4034.16
FDT03,OUT019,488.21
FDJ28,OUT035,3214.22
FDF40,OUT018,3235.1
FDA32,OUT035,3575.17
NCP02,OUT017,870.63
FDZ31,OUT045,3113.66
NCQ29,OUT013,4054.99
FDP57,OUT010,238.6
FDL32,OUT027,3053.67
DRB01,OUT035,3201.64
FDJ40,OUT046,1719.33
FDO24,OUT018,2291.99
FDO11,OUT018,3235.29
FDA56,OUT035,2097.89
FDF02,OUT045,1676.88
FDA10,OUT013,2142.85
NCI55,OUT017,2140.57
FDZ40,OUT010,160.93
FDV08,OUT049,682.08
FDN48,OUT013,1387.97
FDU57,OUT017,2454.43
DRF49,OUT013,1945.41
FDS02,OUT035,3185.49
FDS43,OUT046,3165.94
FDT16,OUT013,4310.87
FDX19,OUT027,6332.29
FDK15,OUT046,1638.29
DRA12,OUT049,2112.43
FDY35,OUT017,739.21
NCU42,OUT013,2946.7
FDD26,OUT013,3190.0
FDR11,OUT018,2312.11
NCP53,OUT045,4040.02
FDP34,OUT045,2574.1
NCV41,OUT019,256.48
FDN20,OUT018,2388.61
FDZ16,OUT018,2896.47
FDZ28,OUT049,2111.65
NCL55,OUT013,4152.28
NCJ17,OUT046,1374.22
FDT37,OUT046,4046.11
FDV51,OUT049,2886.56
FDZ28,OUT035,2111.75
FDN27,OUT013,2008.19
FDS14,OUT019,374.76
FDZ58,OUT045,2091.82
FDD46,OUT046,2447.05
FDJ03,OUT035,746.94
FDU03,OUT010,462.6
FDA33,OUT027,3699.13
NCW53,OUT035,3121.52
NCC55,OUT017,638.27
FDP52,OUT019,569.83
FDE39,OUT049,2075.24
FDB44,OUT035,3653.51
FDG59,OUT013,635.91
FDI05,OUT013,1142.19
FDF59,OUT045,2071.88
FDM39,OUT019,458.05
FDB14,OUT013,1383.91
NCS05,OUT019,310.92
DRJ35,OUT045,969.39
FDO31,OUT019,220.32
FDA31,OUT046,2852.92
FDX40,OUT049,658.26
FDW56,OUT045,3130.99
FDH09,OUT018,685.74
FDA52,OUT019,423.16
FDF20,OUT019,517.02
FDE40,OUT046,955.78
NCU17,OUT046,1671.05
NCP14,OUT035,1694.21
FDN25,OUT027,1817.34
FDU39,OUT049,882.11
NCM05,OUT017,4265.34
FDU07,OUT017,2505.94
FDF28,OUT049,2111.41
FDR57,OUT049,2561.66
FDJ33,OUT013,2088.64
DRH23,OUT035,867.53
FDQ52,OUT046,3883.48
DRK13,OUT035,3161.11
FDP09,OUT046,3532.96
FDR08,OUT027,2679.95
FDV50,OUT045,2077.95
FDT13,OUT049,3220.82
FDJ27,OUT027,2685.28
FDH21,OUT046,2560.93
FDW14,OUT027,2361.24
FDL52,OUT049,667.17
FDW28,OUT017,3105.1
FDL40,OUT049,1590.12
FDE24,OUT046,2136.39
FDX35,OUT049,3821.86
FDP46,OUT017,1375.86
FDX56,OUT045,3469.24
FDQ45,OUT049,3222.19
FDK50,OUT027,3987.68
FDY26,OUT045,3554.93
FDQ09,OUT017,1939.16
FDN39,OUT049,2827.62
FDP13,OUT017,667.79
FDR51,OUT013,2478.69
FDZ49,OUT010,584.78
FDL28,OUT018,3226.64
FDZ10,OUT035,2116.79
FDK38,OUT013,2435.24
DRL49,OUT027,3496.02
FDR15,OUT013,2504.15
FDQ24,OUT035,4166.0
FDD56,OUT013,2909.14
NCR42,OUT046,626.01
FDH52,OUT045,1041.35
FDH57,OUT019,306.45
FDR15,OUT010,371.79
FDJ34,OUT035,2098.6
FDW37,OUT035,1429.91
FDQ23,OUT018,1371.97
FDP34,OUT013,2615.04
FDE04,OUT027,4824.67
FDC48,OUT045,1311.03
FDA47,OUT019,389.79
FDI35,OUT018,2741.48
NCV05,OUT013,2524.93
FDR28,OUT045,2723.8
FDH31,OUT017,1622.31
FDP59,OUT019,241.31
FDS19,OUT018,1070.91
FDM60,OUT045,669.07
FDJ44,OUT018,2697.63
DRH51,OUT017,1354.51
DRC25,OUT017,1409.77
DRE25,OUT013,1466.55
NCX05,OUT049,1998.55
FDR11,OUT017,2611.75
DRP47,OUT045,3916.47
DRC49,OUT019,333.03
FDQ47,OUT027,976.62
FDL20,OUT013,1751.1
FDM34,OUT035,2141.19
NCN55,OUT013,4084.67
FDD41,OUT035,1680.95
FDE52,OUT049,1382.97
NCT18,OUT019,415.59
FDJ32,OUT018,767.52
FDE16,OUT046,3579.62
FDZ09,OUT045,2689.28
DRZ11,OUT046,2093.04
FDK41,OUT049,1370.11
FDE56,OUT049,939.62
FDH34,OUT013,3180.6
DRI49,OUT013,1313.73
DRI59,OUT046,3724.13
DRC36,OUT049,2917.01
FDS15,OUT019,240.47
FDI07,OUT018,2982.29
FDZ15,OUT018,1692.06
NCX41,OUT027,5252.58
NCO29,OUT019,403.45
FDF57,OUT013,2875.36
FDI33,OUT035,1380.13
DRJ47,OUT049,2862.31
FDB34,OUT046,1359.95
FDY22,OUT027,3444.69
DRL11,OUT017,2609.74
FDY46,OUT035,3105.25
FDG17,OUT013,4140.89
FDE52,OUT018,1274.65
DRP47,OUT027,6406.14
FDO01,OUT010,298.37
FDL09,OUT046,2764.52
FDR57,OUT013,2512.49
DRD37,OUT035,751.58
FDQ36,OUT027,976.62
FDL33,OUT049,3200.95
FDL48,OUT045,747.75
FDL28,OUT049,3975.81
NCN29,OUT046,745.73
FDO13,OUT035,2715.97
FDB38,OUT045,2645.36
FDI36,OUT035,3182.93
FDI58,OUT035,1401.52
FDH22,OUT018,1849.69
FDQ27,OUT013,1703.23
FDT33,OUT046,2749.27
FDC56,OUT045,1999.34
FDF14,OUT046,2461.99
FDQ39,OUT017,3181.62
NCM43,OUT017,2760.19
FDS46,OUT035,2110.86
FDI22,OUT049,3501.9
NCE43,OUT045,2896.13
FDZ36,OUT010,498.88
FDR13,OUT019,267.71
FDP46,OUT018,1282.07
FDW56,OUT019,497.52
FDB40,OUT017,2555.88
FDM28,OUT018,2716.14
FDV49,OUT013,4440.14
NCS53,OUT018,2212.37
FDO03,OUT049,3972.85
FDT15,OUT035,3241.12
FDD33,OUT049,3763.09
FDX13,OUT017,4178.43
FDH60,OUT013,3071.67
DRH51,OUT046,1352.19
NCL07,OUT049,685.25
FDW51,OUT045,3442.72
FDF21,OUT019,500.89
FDH26,OUT019,308.46
FDJ03,OUT049,752.38
FDU35,OUT017,1626.46
DRL01,OUT018,3318.93
FDE59,OUT045,637.55
FDI60,OUT035,1045.14
DRH39,OUT035,1277.43
FDK36,OUT049,752.41
FDN52,OUT045,1373.53
FDU12,OUT017,4183.12
NCT05,OUT027,6337.65
FDS37,OUT027,3145.63
FDK24,OUT017,749.1
DRF36,OUT013,3181.48
FDN46,OUT010,236.4
NCN06,OUT045,2666.21
FDD59,OUT035,1326.0
FDM14,OUT045,1722.92
FDO10,OUT018,729.44
FDU35,OUT013,1625.76
NCA30,OUT018,2800.19
NCO41,OUT049,1596.88
FDI24,OUT046,2885.61
FDZ16,OUT046,3131.25
FDV47,OUT046,1312.44
FDV16,OUT045,629.59
FDZ22,OUT035,1338.06
FDO20,OUT010,585.84
FDW38,OUT013,859.75
FDW52,OUT045,2728.14
FDT43,OUT019,128.61
NCS29,OUT045,4352.83
NCC31,OUT017,2494.1
FDA21,OUT017,3181.55
FDQ55,OUT046,2014.06
NCE54,OUT049,1132.76
FDD45,OUT017,1493.09
NCP17,OUT017,1003.4
FDR47,OUT035,3119.61
DRM35,OUT013,2924.91
FDR47,OUT019,501.86
FDX19,OUT010,580.45
FDV22,OUT027,4239.94
FDQ46,OUT027,3039.27
DRO47,OUT045,1756.71
FDB44,OUT010,576.75
FDN02,OUT010,570.92
FDW10,OUT045,2747.0
FDJ41,OUT019,566.17
FDM50,OUT046,869.47
FDW10,OUT035,2772.24
FDY48,OUT049,1673.73
NCE30,OUT027,5782.84
FDO04,OUT045,863.27
FDQ26,OUT010,164.54
NCX29,OUT018,2116.52
FDE39,OUT046,1984.18
NCR54,OUT027,5644.46
NCP55,OUT027,1767.75
FDX22,OUT017,3738.54
FDI05,OUT035,1157.76
FDC51,OUT027,3322.18
FDC10,OUT013,2032.94
FDJ46,OUT045,2901.12
FDV10,OUT010,106.18
FDX12,OUT027,6416.7
FDL43,OUT019,220.44
DRB13,OUT046,3200.16
FDF59,OUT027,3256.69
FDT35,OUT049,2786.77
NCJ19,OUT035,865.81
FDT35,OUT018,2288.15
FDI48,OUT046,752.07
DRC24,OUT019,360.68
NCZ05,OUT017,1671.3
FDJ57,OUT049,3255.46
FDX11,OUT017,3306.28
FDE09,OUT035,1743.18
NCK06,OUT049,2087.65
DRE37,OUT017,3180.15
FDV56,OUT046,1687.71
FDY43,OUT017,2866.58
FDV35,OUT013,2504.92
FDF05,OUT019,585.34
FDA36,OUT035,3263.16
FDS13,OUT027,6146.74
FDU47,OUT013,2141.66
FDI36,OUT010,511.68
FDH48,OUT046,1372.24
FDZ14,OUT013,2083.88
FDS46,OUT013,2123.48
FDE21,OUT017,2011.34
FDA26,OUT049,3685.48
FDV12,OUT046,1643.75
FDL46,OUT019,269.97
FDN57,OUT013,2151.8
NCJ18,OUT017,2024.91
FDO36,OUT045,2894.04
FDX55,OUT018,3079.79
FDT25,OUT019,281.28
FDD16,OUT049,1094.21
NCX18,OUT013,3176.02
NCG55,OUT018,1605.64
NCV18,OUT049,1369.2
NCS18,OUT035,1699.28
FDC37,OUT045,1699.2
FDE47,OUT046,2109.14
DRG49,OUT019,541.76
FDC39,OUT049,3480.19
FDH24,OUT019,395.48
FDV39,OUT027,5635.93
NCL17,OUT045,2096.19
NCY53,OUT035,1934.62
FDH52,OUT013,1026.99
NCD19,OUT018,726.14
FDI44,OUT046,1205.72
DRD49,OUT027,6286.07
FDN08,OUT035,2021.07
FDO20,OUT027,6264.72
FDY02,OUT046,4033.91
FDX23,OUT045,1488.7
FDX01,OUT017,1987.54
FDH20,OUT027,2531.67
NCX41,OUT017,3640.24
FDD21,OUT027,3093.08
DRH11,OUT019,159.94
DRE60,OUT018,3364.78
FDB10,OUT013,4060.36
FDH38,OUT013,2006.81
NCL07,OUT018,513.89
FDD48,OUT046,1929.14
NCT54,OUT027,2661.24
FDF32,OUT027,5587.64
DRH51,OUT045,1360.92
DRG03,OUT035,2547.21
NCY42,OUT019,312.92
FDH32,OUT017,1551.18
NCJ06,OUT027,3122.37
FDH47,OUT027,2652.43
FDZ08,OUT018,1169.17
FDK16,OUT017,1551.5
DRG01,OUT018,933.31
NCM53,OUT027,2599.98
NCB07,OUT035,3102.98
NCZ06,OUT035,3881.21
FDU48,OUT049,2131.92
NCB55,OUT027,1788.11
FDP15,OUT013,4129.42
FDF17,OUT046,3170.8
NCN06,OUT049,2680.66
DRM48,OUT018,513.89
FDH10,OUT046,3054.44
FDC60,OUT018,1281.28
FDE35,OUT018,743.19
DRI23,OUT013,2623.49
NCR38,OUT013,3928.97
FDP04,OUT035,949.78
NCW17,OUT045,2119.33
FDX34,OUT017,2078.62
NCK53,OUT045,1619.77
NCO54,OUT010,163.37
NCH55,OUT046,2116.85
FDT44,OUT027,3074.65
DRG49,OUT046,4083.31
FDX46,OUT010,164.24
DRG36,OUT049,2916.93
FDU37,OUT049,1332.87
FDK10,OUT049,3048.95
DRF37,OUT027,6255.76
FDC44,OUT035,1829.84
FDP15,OUT046,3952.99
FDZ27,OUT027,1354.08
FDY22,OUT019,310.67
DRG51,OUT035,2823.0
FDN58,OUT045,3949.76
FDW01,OUT049,2528.03
FDX24,OUT018,1317.25
FDO51,OUT017,692.71
FDJ52,OUT027,4010.75
NCY06,OUT010,300.68
FDE20,OUT018,2453.24
FDT23,OUT010,214.8
FDQ51,OUT046,746.59
FDE35,OUT046,926.77
FDB46,OUT013,3549.25
NCG19,OUT035,3719.71
NCL06,OUT018,3440.37
FDT36,OUT019,98.07
FDC56,OUT049,2084.38
FDJ26,OUT049,3487.55
FDZ59,OUT017,2842.67
FDV11,OUT027,5057.74
FDR13,OUT010,263.4
FDI15,OUT018,3559.49
FDF47,OUT018,3385.19
NCB54,OUT019,306.1
NCK19,OUT027,5398.56
FDX16,OUT017,2505.95
FDL50,OUT045,2070.0
NCE31,OUT035,633.34
DRJ01,OUT049,2601.45
FDE22,OUT013,2649.16
FDY20,OUT019,225.28
NCO14,OUT045,705.04
NCR50,OUT017,2525.4
DRM47,OUT017,3180.06
FDO27,OUT010,230.4
FDJ20,OUT027,3231.48
NCX17,OUT013,3749.41
FDG59,OUT049,635.3
FDD52,OUT045,1697.51
FDO48,OUT017,3805.01
FDC59,OUT019,168.87
FDS15,OUT018,1355.25
FDB47,OUT035,3648.96
FDV14,OUT019,225.37
FDB27,OUT013,3191.79
FDA35,OUT035,2110.12
FDN51,OUT018,3265.66
FDO39,OUT019,462.55
FDB28,OUT049,3182.87
DRJ25,OUT046,749.51
FDH46,OUT027,2563.51
FDI10,OUT045,2892.16
FDU21,OUT018,513.89
FDD09,OUT049,3055.68
FDD10,OUT046,2826.87
FDN31,OUT010,501.96
FDA46,OUT018,3234.75
FDM56,OUT046,1701.8
FDF11,OUT010,603.83
FDS32,OUT018,1824.78
NCM06,OUT013,2455.74
FDZ26,OUT045,3849.33
FDO01,OUT013,2150.57
FDJ46,OUT049,2912.55
FDG26,OUT019,585.09
FDZ38,OUT035,2967.22
NCO55,OUT013,1677.06
FDT60,OUT035,2098.6
FDW37,OUT049,1405.89
NCK42,OUT018,3012.18
FDA45,OUT046,2717.67
FDW55,OUT018,3208.88
FDY44,OUT017,3175.33
FDQ31,OUT017,1411.12
FDM09,OUT049,2913.66
FDH12,OUT018,1355.25
NCQ43,OUT035,1726.65
FDT33,OUT035,2879.52
NCT41,OUT018,2126.37
DRJ25,OUT010,117.1
NCQ41,OUT046,3200.7
NCN17,OUT049,1649.02
DRO35,OUT027,3108.86
FDU27,OUT018,668.98
FDY43,OUT027,4215.47
FDG46,OUT035,1971.7
DRL49,OUT018,2092.48
NCB55,OUT049,859.72
FDK28,OUT049,4181.09
FDO49,OUT045,750.61
FDT03,OUT013,3181.83
FDW33,OUT027,2716.37
FDR02,OUT035,1747.18
FDF50,OUT013,3146.45
FDA40,OUT018,1279.6
NCT53,OUT018,2315.98
FDY60,OUT035,2141.4
FDP44,OUT027,2625.33
NCQ50,OUT045,3421.93
NCC30,OUT017,2923.99
FDQ60,OUT018,1776.79
FDG41,OUT046,1718.13
FDQ03,OUT046,3774.91
FDM03,OUT045,1697.79
FDZ51,OUT018,1311.42
DRF51,OUT035,656.72
FDF39,OUT017,4419.52
FDW52,OUT035,2726.04
FDY22,OUT049,2532.56
FDG14,OUT013,2480.42
FDA57,OUT017,656.08
FDL45,OUT019,303.76
FDX28,OUT046,1617.12
NCQ54,OUT013,2949.35
FDH40,OUT045,1321.59
FDU52,OUT035,2511.01
FDT60,OUT010,277.57
FDK08,OUT045,1638.54
FDN04,OUT049,3067.77
FDE50,OUT013,3111.83
FDI16,OUT049,774.24
FDM50,OUT049,926.54
NCV30,OUT049,938.76
FDT44,OUT013,2011.73
FDY60,OUT013,2530.19
FDT56,OUT017,895.23
FDV58,OUT018,2880.41
FDU04,OUT013,2104.93
NCN05,OUT027,5162.83
FDI53,OUT018,2330.63
FDD34,OUT046,2682.72
FDW47,OUT027,3326.52
FDT51,OUT027,3082.82
FDO27,OUT013,1567.84
NCQ18,OUT018,1342.15
NCW05,OUT013,1720.91
FDI15,OUT010,583.77
NCH43,OUT010,554.67
FDT40,OUT049,2081.31
NCG19,OUT017,3706.73
NCM30,OUT035,656.15
FDB38,OUT017,2592.12
FDB22,OUT046,2465.04
FDC58,OUT046,689.96
NCI29,OUT013,2105.85
FDA23,OUT010,237.37
DRG48,OUT013,2492.34
FDV21,OUT013,2143.93
NCG18,OUT019,243.19
FDG40,OUT045,624.53
FDU24,OUT018,1344.51
FDA22,OUT049,2820.38
FDY35,OUT046,744.72
FDJ15,OUT045,3334.5
NCW18,OUT018,3290.82
FDK56,OUT018,2810.85
FDF44,OUT046,2104.69
FDP51,OUT049,2088.94
FDU22,OUT027,3055.59
FDM28,OUT017,2905.14
NCL42,OUT046,3978.28
FDJ15,OUT019,498.12
FDI32,OUT018,1601.63
DRL11,OUT046,2619.77
DRO59,OUT018,899.94
FDA07,OUT019,281.56
NCO53,OUT013,3273.14
FDO21,OUT045,3884.08
FDW39,OUT045,2899.32
NCV17,OUT013,2162.33
FDE22,OUT046,2605.47
NCB06,OUT018,2231.69
DRF48,OUT017,3201.62
FDB05,OUT013,3910.94
FDP28,OUT027,6288.66
FDP23,OUT046,3476.59
NCS41,OUT018,2664.05
FDS40,OUT018,513.89
FDA16,OUT017,3575.61
FDN20,OUT035,2795.63
FDF04,OUT027,6291.34
DRG36,OUT018,2358.01
FDW16,OUT018,1304.33
FDU09,OUT017,870.41
FDW01,OUT046,2521.7
FDB15,OUT045,4058.26
NCJ17,OUT049,1377.86
NCT18,OUT018,2662.61
FDG16,OUT018,3215.0
FDP27,OUT017,3186.44
FDQ44,OUT027,3150.82
FDL50,OUT027,3359.26
FDW57,OUT027,5169.74
FDS34,OUT013,1976.39
NCV30,OUT035,944.69
FDD26,OUT018,2708.04
FDA03,OUT045,2492.89
FDS27,OUT018,2775.2
FDM12,OUT013,3121.14
NCV42,OUT027,2988.41
NCS41,OUT046,3211.78
FDN56,OUT018,1860.28
DRK59,OUT046,3789.14
NCG18,OUT046,1675.58
NCN26,OUT017,1983.43
FDI60,OUT027,1830.06
NCI43,OUT049,746.15
NCL17,OUT049,2122.81
FDQ19,OUT019,566.06
FDY43,OUT049,2874.16
FDR36,OUT049,693.81
FDJ58,OUT049,2892.93
DRY23,OUT045,694.55
FDK26,OUT027,4966.33
DRH03,OUT045,1539.42
FDC10,OUT010,272.0
FDD23,OUT013,3178.97
FDP32,OUT045,2064.73
FDO31,OUT035,1337.3
FDQ57,OUT013,2500.2
FDX32,OUT027,3760.58
FDC39,OUT027,5449.09
FDU55,OUT046,4310.31
FDL45,OUT013,2110.76
DRK37,OUT049,3198.86
FDK22,OUT013,3557.07
DRG37,OUT027,4181.21
FDK22,OUT017,3587.48
DRH36,OUT018,816.79
DRC36,OUT018,2714.44
DRE03,OUT027,1034.83
FDF34,OUT046,3184.67
FDZ22,OUT046,1332.46
FDC44,OUT010,266.2
FDN31,OUT027,5465.44
FDO03,OUT017,3989.93
FDA01,OUT049,906.02
NCH42,OUT049,3919.86
FDF46,OUT018,1651.24
DRL35,OUT046,687.91
FDW46,OUT049,1033.26
FDB58,OUT046,2140.28
FDD47,OUT018,2355.46
NCO17,OUT045,1977.8
FDJ26,OUT017,3520.71
FDU37,OUT045,1324.7
